Customer_ID,Age,Annual_Income,Account_Balance,Credit_Score,Transactions_Per_Month,Loan_Amount,Monthly_Spending
1001,56,93246,9693.0,672.0,10,27395,4027.0
1002,69,64954,15072.0,738.0,18,31747,2078.0
1003,46,52407,11264.0,631.0,25,9839,2017.0
1004,32,67276,14949.0,659.0,9,16051,2530.0
1005,60,27125,2563.0,670.0,22,11396,1000.0
1006,25,33125,6483.0,580.0,34,18192,1000.0
1007,38,32139,10351.0,772.0,25,1692,1000.0
1008,56,58654,11617.0,630.0,28,30317,1000.0
1009,36,119937,37043.0,708.0,20,57067,2688.0
1010,40,150117,29758.0,675.0,25,28421,4248.0
1011,28,73292,15790.0,749.0,13,15621,1180.0
1012,28,68904,17946.0,702.0,24,1921,1151.0
1013,41,24456,9396.0,667.0,23,231,1000.0
1014,70,43083,4947.0,631.0,20,12331,1588.0
1015,53,38584,3493.0,724.0,27,2212,1555.0
1016,57,41594,11419.0,580.0,14,4842,1277.0
1017,41,50992,19566.0,716.0,17,25907,1444.0
1018,20,44473,17643.0,620.0,19,15237,1126.0
1019,39,22571,5303.0,749.0,11,8581,1000.0
1020,70,77007,17695.0,689.0,20,8662,1339.0
1021,19,33940,9720.0,715.0,6,16875,1320.0
1022,41,61252,15791.0,685.0,25,31899,1715.0
1023,61,139864,39569.0,584.0,18,43917,5433.0
1024,47,36365,13080.0,633.0,14,19911,1308.0
1025,55,20000,6376.0,717.0,12,10138,1000.0
1026,19,48358,11558.0,689.0,16,21219,1427.0
1027,38,90266,20562.0,745.0,23,39757,2464.0
1028,50,132766,37795.0,702.0,22,8396,3535.0
1029,29,31628,7142.0,627.0,13,5140,1000.0
1030,39,68776,,636.0,12,2758,3111.0
1031,61,44609,3801.0,686.0,23,232,1766.0
1032,42,52439,7116.0,580.0,13,4981,2235.0
1033,66,180781,42723.0,772.0,18,95505,2438.0
1034,44,27966,9599.0,704.0,19,4025,1000.0
1035,59,61653,10431.0,747.0,20,35888,1000.0
1036,45,67884,16784.0,593.0,24,24328,1444.0
1037,33,89652,17069.0,748.0,9,12762,2441.0
1038,32,57479,6526.0,803.0,5,17145,1949.0
1039,64,63178,24428.0,607.0,14,8305,1844.0
1040,68,46113,16301.0,722.0,31,27224,1965.0
1041,61,62081,6526.0,680.0,32,31559,2721.0
1042,69,47129,14626.0,595.0,31,742,1000.0
1043,20,72751,13912.0,707.0,17,41371,2978.0
1044,54,46572,18552.0,726.0,6,20149,1330.0
1045,68,65172,11520.0,647.0,3,3221,1799.0
1046,24,54280,8489.0,744.0,14,21841,2099.0
1047,38,91291,23893.0,588.0,17,35435,1425.0
1048,26,53743,18662.0,598.0,27,7055,2253.0
1049,56,24766,3507.0,688.0,24,11270,1000.0
1050,35,97047,29794.0,681.0,20,5070,4044.0
1051,21,36589,3646.0,641.0,12,10745,1670.0
1052,42,40982,15330.0,725.0,11,244,1220.0
1053,31,42068,4457.0,709.0,20,24452,1000.0
1054,67,102088,38033.0,727.0,23,46035,1843.0
1055,26,21037,4987.0,673.0,21,2005,1000.0
1056,43,200000,44678.0,713.0,11,41001,3190.0
1057,70,88461,34629.0,655.0,23,8522,3510.0
1058,19,60812,24138.0,793.0,21,27972,1362.0
1059,37,53658,15457.0,635.0,11,1896,2416.0
1060,45,62542,7547.0,796.0,13,31536,2246.0
1061,64,69536,16826.0,682.0,23,39310,1271.0
1062,24,73529,18333.0,604.0,16,29851,2086.0
1063,61,70623,17276.0,755.0,29,9024,1982.0
1064,25,57262,15016.0,687.0,22,12372,1656.0
1065,64,50326,4328.0,727.0,15,14411,1528.0
1066,52,51381,15804.0,747.0,18,18640,1000.0
1067,31,50382,15516.0,699.0,18,20213,1782.0
1068,34,91609,10714.0,647.0,13,30463,2633.0
1069,53,71839,18856.0,734.0,12,15143,2792.0
1070,67,20000,5238.0,680.0,23,10691,1000.0
1071,57,73883,22046.0,718.0,24,3608,1491.0
1072,21,60037,6444.0,580.0,22,16796,1000.0
1073,19,54539,15297.0,705.0,29,25379,1960.0
1074,23,46178,7843.0,645.0,14,1687,2082.0
1075,59,91212,22095.0,771.0,30,38601,2498.0
1076,21,84244,27587.0,714.0,12,41433,1782.0
1077,46,38843,11878.0,693.0,11,15401,1000.0
1078,35,66056,7798.0,707.0,6,513,1459.0
1079,43,35520,9561.0,625.0,15,3839,1000.0
1080,61,29562,11533.0,769.0,14,6068,1000.0
1081,51,41484,5400.0,790.0,22,5817,1425.0
1082,27,81078,28615.0,702.0,20,46830,1752.0
1083,53,84457,25744.0,767.0,10,33019,1199.0
1084,31,69285,22703.0,649.0,15,12345,1728.0
1085,48,76220,12975.0,636.0,15,42517,3127.0
1086,65,69381,11942.0,682.0,6,30830,2020.0
1087,32,41209,15244.0,704.0,11,7037,1840.0
1088,25,66800,13036.0,658.0,13,15186,1956.0
1089,31,78848,7898.0,710.0,28,9435,1711.0
1090,40,77228,21021.0,697.0,19,44996,1463.0
1091,57,93911,11264.0,625.0,23,29148,3348.0
1092,38,75646,25335.0,709.0,8,40670,2298.0
1093,33,64424,18384.0,727.0,26,13394,2102.0
1094,62,89024,32041.0,689.0,27,45981,3354.0
1095,35,54348,17997.0,743.0,4,1757,1994.0
1096,64,36984,4286.0,613.0,13,21793,1000.0
1097,70,51109,10321.0,706.0,21,27968,2006.0
1098,41,39335,12896.0,616.0,23,8572,1190.0
1099,43,40589,8668.0,619.0,13,18867,1037.0
1100,42,51537,20159.0,645.0,16,23261,1568.0
1101,62,38503,12145.0,628.0,14,20821,1267.0
1102,58,47883,4068.0,650.0,19,8827,1000.0
1103,46,23458,8482.0,668.0,26,6552,1000.0
1104,32,60541,6796.0,726.0,13,31421,1434.0
1105,62,55030,6877.0,662.0,25,25707,1331.0
1106,18,38078,11996.0,593.0,13,8989,1000.0
1107,42,73995,26401.0,743.0,12,37548,1319.0
1108,24,83868,21104.0,634.0,24,2363,1501.0
1109,26,26680,4602.0,677.0,24,12519,1000.0
1110,41,39021,7508.0,705.0,24,4841,1651.0
1111,18,38909,7382.0,691.0,9,6680,1000.0
1112,61,36031,6649.0,740.0,15,10663,1000.0
1113,25,79886,12601.0,706.0,24,21556,1828.0
1114,41,50406,13853.0,633.0,18,15744,1953.0
1115,28,48828,17975.0,800.0,10,15960,1000.0
1116,68,22322,3979.0,691.0,21,4440,1000.0
1117,34,73206,10230.0,672.0,13,7697,1429.0
1118,25,31490,10969.0,733.0,31,14520,1436.0
1119,52,56504,17933.0,694.0,29,13560,1781.0
1120,52,62312,23546.0,702.0,22,18912,1068.0
1121,50,101456,13490.0,817.0,28,39245,2189.0
1122,22,30519,3850.0,665.0,18,16657,1000.0
1123,59,20000,5065.0,663.0,23,8491,1000.0
1124,56,59744,16526.0,686.0,28,1630,2334.0
1125,58,123663,28895.0,739.0,20,62219,3589.0
1126,45,96049,26094.0,597.0,16,57016,3222.0
1127,24,60442,8324.0,580.0,6,17135,1423.0
1128,26,44084,10293.0,648.0,17,25646,1365.0
1129,25,79086,22982.0,590.0,24,25972,1668.0
1130,29,35490,7753.0,657.0,25,9787,1000.0
1131,51,68149,20269.0,708.0,22,13551,2334.0
1132,50,69048,15493.0,631.0,14,27242,1209.0
1133,65,88626,16551.0,602.0,4,12221,2931.0
1134,40,190410,33732.0,684.0,15,11988,7789.0
1135,41,65623,13879.0,727.0,16,1072,1084.0
1136,54,43742,3823.0,587.0,16,7674,1855.0
1137,52,54371,15981.0,725.0,22,12911,1000.0
1138,61,24810,8694.0,725.0,32,8218,1000.0
1139,57,40234,7785.0,732.0,19,7067,
1140,39,45748,4334.0,747.0,16,27011,1425.0
1141,44,43445,17194.0,801.0,16,7605,1000.0
1142,52,58903,9683.0,660.0,19,15585,2305.0
1143,18,37987,4578.0,686.0,12,2354,1707.0
1144,52,91085,18064.0,657.0,19,14243,1689.0
1145,54,55005,17400.0,680.0,21,1595,2329.0
1146,64,54770,9533.0,764.0,19,18387,1701.0
1147,31,47455,12524.0,606.0,21,21385,2074.0
1148,20,58978,12561.0,633.0,21,6926,1083.0
1149,18,79729,9383.0,756.0,6,17600,3102.0
1150,22,37230,6913.0,736.0,22,371,1000.0
1151,43,40902,12760.0,660.0,13,20603,1715.0
1152,31,47974,13233.0,727.0,10,22451,1678.0
1153,56,30015,3552.0,699.0,10,1139,1000.0
1154,44,38041,5031.0,763.0,21,8328,1000.0
1155,26,44391,12653.0,684.0,16,25444,1763.0
1156,32,81517,27740.0,736.0,6,19174,2658.0
1157,32,61898,11874.0,820.0,21,19543,1517.0
1158,43,60006,16232.0,713.0,8,12790,1638.0
1159,59,80660,10857.0,683.0,19,28850,3231.0
1160,30,51703,9288.0,720.0,20,30344,1230.0
1161,68,65565,5670.0,660.0,24,39241,1015.0
1162,49,52504,17108.0,811.0,30,24405,2251.0
1163,56,61976,12911.0,690.0,8,15035,1575.0
1164,66,42313,14436.0,665.0,18,12553,1020.0
1165,69,20000,6134.0,634.0,16,4281,1000.0
1166,49,51775,17873.0,740.0,21,30617,2196.0
1167,21,104331,17883.0,728.0,20,44305,2061.0
1168,47,83440,11618.0,653.0,16,22475,2814.0
1169,54,84924,33206.0,712.0,15,617,3555.0
1170,40,95927,29694.0,597.0,10,29957,1311.0
1171,56,57239,19856.0,690.0,25,33791,2297.0
1172,62,60107,5061.0,705.0,21,18864,1574.0
1173,32,41654,8057.0,774.0,24,4559,1434.0
1174,60,47708,15157.0,638.0,16,632,1189.0
1175,46,72561,7616.0,610.0,13,15443,2589.0
1176,53,94545,24728.0,631.0,10,52088,1983.0
1177,30,51655,11225.0,606.0,21,30886,1000.0
1178,49,44914,3846.0,754.0,11,25476,1980.0
1179,24,55013,8555.0,765.0,31,24077,1000.0
1180,68,72087,12336.0,698.0,9,24141,2881.0
1181,39,28720,3326.0,747.0,20,10179,1000.0
1182,45,20000,5642.0,687.0,29,6468,1000.0
1183,19,42931,6765.0,675.0,22,18213,1714.0
1184,59,31754,5361.0,662.0,19,7981,1000.0
1185,62,43758,16078.0,663.0,11,17570,1810.0
1186,70,51461,11809.0,595.0,8,3755,1497.0
1187,23,44852,9216.0,695.0,23,7150,1108.0
1188,45,105736,32951.0,678.0,29,53037,3656.0
1189,45,63712,23642.0,721.0,15,34548,1521.0
1190,61,62963,5541.0,685.0,10,20363,1516.0
1191,61,72772,16260.0,671.0,3,1381,2689.0
1192,37,32946,9075.0,632.0,11,18324,1000.0
1193,47,87789,15972.0,684.0,17,36980,1685.0
1194,28,53156,17391.0,721.0,29,13205,2095.0
1195,45,74370,29069.0,617.0,23,26701,2926.0
1196,42,33954,12967.0,685.0,20,8756,1000.0
1197,56,27334,4513.0,693.0,15,7632,1000.0
1198,50,79470,12113.0,641.0,14,42285,2837.0
1199,18,65152,25175.0,648.0,28,6297,1920.0
1200,44,36650,8311.0,693.0,19,2280,1000.0
1201,69,37188,5454.0,618.0,3,61,1698.0
1202,30,91266,27949.0,699.0,13,17195,1590.0
1203,58,32204,5507.0,631.0,12,2848,1039.0
1204,20,115185,19065.0,738.0,14,15203,4841.0
1205,56,36673,13252.0,809.0,22,247,1298.0
1206,23,73304,9676.0,633.0,17,9993,3069.0
1207,25,47439,4773.0,709.0,17,9470,1125.0
1208,44,72151,11987.0,640.0,27,1367,1556.0
1209,26,43055,11807.0,737.0,13,15704,1760.0
1210,54,51115,6103.0,610.0,31,17445,1310.0
1211,50,56022,12936.0,706.0,13,3262,2026.0
1212,68,35035,9836.0,632.0,19,12508,1000.0
1213,59,76762,26989.0,669.0,16,45995,2894.0
1214,61,43658,6704.0,623.0,19,24740,1345.0
1215,41,49623,16949.0,725.0,21,80,1065.0
1216,32,35159,5456.0,634.0,21,16779,1019.0
1217,49,20000,5931.0,710.0,13,4243,1000.0
1218,49,50470,10993.0,661.0,10,1927,1000.0
1219,41,162879,19008.0,674.0,36,28926,5497.0
1220,58,78289,24157.0,688.0,15,15113,2392.0
1221,69,54525,8162.0,638.0,23,17118,1082.0
1222,66,48864,6671.0,692.0,7,19382,1837.0
1223,66,55559,10815.0,764.0,16,24970,1256.0
1224,69,70354,20336.0,637.0,17,10380,1529.0
1225,29,32329,5007.0,744.0,21,6242,1000.0
1226,56,90811,12602.0,762.0,3,16803,3182.0
1227,19,75888,6313.0,635.0,19,16516,3298.0
1228,20,75984,17547.0,600.0,10,45575,1308.0
1229,66,66997,14550.0,697.0,20,31272,1723.0
1230,54,55488,8592.0,650.0,11,32460,1000.0
1231,66,74449,7234.0,783.0,12,30961,2813.0
1232,34,71783,15603.0,682.0,16,17498,1969.0
1233,66,46900,15581.0,636.0,11,10967,
1234,19,42488,13124.0,617.0,15,12455,1000.0
1235,19,57580,20467.0,740.0,10,14402,2340.0
1236,45,110431,9173.0,649.0,5,54884,3349.0
1237,40,31492,12258.0,682.0,25,8786,1384.0
1238,54,28416,5378.0,733.0,9,5040,1000.0
1239,49,59233,23511.0,653.0,17,27538,1756.0
1240,50,56274,9051.0,677.0,23,28849,2141.0
1241,18,59462,13729.0,679.0,14,15000,1933.0
1242,36,61382,11862.0,718.0,12,24595,1000.0
1243,19,49744,9643.0,712.0,20,1755,2234.0
1244,70,107530,37585.0,668.0,26,34160,2413.0
1245,61,26760,8533.0,684.0,10,722,1000.0
1246,43,37883,15058.0,660.0,17,664,1087.0
1247,49,52503,14508.0,599.0,6,19308,1605.0
1248,23,26256,5993.0,694.0,15,4779,1000.0
1249,49,50815,5530.0,784.0,18,22639,1301.0
1250,21,116163,46337.0,631.0,12,62455,3156.0
1251,28,55519,14240.0,637.0,15,4643,1684.0
1252,34,61017,18558.0,632.0,8,26525,1565.0
1253,55,31195,6556.0,720.0,19,9630,1341.0
1254,41,41678,10639.0,705.0,25,2804,1704.0
1255,22,46455,17728.0,671.0,10,18162,1285.0
1256,69,47673,6353.0,,14,17433,1000.0
1257,51,97912,16994.0,685.0,22,30293,4164.0
1258,23,70689,9095.0,594.0,26,39295,1177.0
1259,39,33354,11124.0,688.0,8,10428,1000.0
1260,28,61452,6136.0,728.0,17,36521,1080.0
1261,65,68823,7304.0,611.0,20,21028,1273.0
1262,33,91872,16125.0,596.0,17,6386,3607.0
1263,50,112009,27391.0,767.0,3,31618,3564.0
1264,26,34832,7315.0,646.0,22,3811,1545.0
1265,23,38185,3602.0,742.0,29,13681,1000.0
1266,33,31231,12068.0,672.0,19,12988,1000.0
1267,46,49503,19055.0,671.0,11,13913,2232.0
1268,20,67843,11492.0,704.0,14,3977,2717.0
1269,37,85767,26938.0,631.0,30,24116,3155.0
1270,53,53152,14093.0,687.0,24,2598,1000.0
1271,36,47627,7429.0,659.0,22,19493,1817.0
1272,43,58887,9651.0,607.0,20,27925,1418.0
1273,20,37770,8958.0,699.0,13,21809,1140.0
1274,36,140840,30162.0,666.0,17,12574,4620.0
1275,37,26679,4621.0,671.0,17,8523,1000.0
1276,49,59768,20226.0,613.0,22,20352,2195.0
1277,24,136723,32002.0,768.0,29,75674,4725.0
1278,69,55169,15974.0,728.0,26,20764,1000.0
1279,58,50492,7098.0,733.0,8,4408,1401.0
1280,50,46828,11741.0,663.0,20,12260,1622.0
1281,57,50712,9217.0,585.0,23,19923,1134.0
1282,56,102015,25346.0,787.0,22,42864,2340.0
1283,35,20328,6705.0,677.0,14,10527,1000.0
1284,57,109659,35755.0,639.0,38,11877,2901.0
1285,18,28978,5603.0,703.0,9,16544,1315.0
1286,28,48781,14740.0,744.0,10,1731,1074.0
1287,45,45339,17284.0,679.0,20,26762,1370.0
1288,42,71678,20085.0,750.0,33,36890,2672.0
1289,67,26794,3416.0,740.0,12,10615,1000.0
1290,40,67715,20146.0,621.0,16,29862,2879.0
1291,48,136766,15532.0,643.0,26,5965,3472.0
1292,47,29782,10694.0,733.0,18,741,1235.0
1293,59,59901,14696.0,580.0,16,3658,1000.0
1294,52,40831,8299.0,672.0,22,2140,1000.0
1295,24,66619,6545.0,601.0,20,21880,1549.0
1296,33,55476,11198.0,654.0,25,7171,1332.0
1297,43,41209,15207.0,664.0,27,21269,1680.0
1298,65,68503,5940.0,660.0,20,18321,1000.0
1299,69,123877,28726.0,650.0,20,51695,4196.0
1300,66,50472,19077.0,620.0,19,19771,1000.0
1301,19,76037,15690.0,806.0,21,14592,3037.0
1302,18,30734,6670.0,783.0,18,4484,1182.0
1303,65,35764,9482.0,616.0,18,7349,1043.0
1304,29,68028,15520.0,767.0,26,32517,1333.0
1305,22,107252,14367.0,658.0,29,37728,3609.0
1306,54,64545,5547.0,687.0,7,9819,1143.0
1307,49,47773,13144.0,677.0,18,23443,1000.0
1308,26,54982,20599.0,644.0,13,1806,1836.0
1309,58,31332,3573.0,734.0,16,13144,1427.0
1310,52,72195,10649.0,687.0,21,19021,3047.0
1311,36,81809,16237.0,654.0,23,35896,2640.0
1312,65,44876,15204.0,608.0,17,24972,1367.0
1313,33,44514,7397.0,631.0,5,20032,2038.0
1314,20,61990,22456.0,590.0,11,16438,1906.0
1315,37,45187,4410.0,681.0,24,4093,1198.0
1316,41,53387,20346.0,614.0,3,25829,2286.0
1317,50,141487,36707.0,665.0,26,39110,2873.0
1318,41,49214,14312.0,755.0,22,2224,1000.0
1319,69,46809,9252.0,746.0,27,20195,1574.0
1320,28,41097,13572.0,678.0,17,7197,1000.0
1321,66,76878,10248.0,675.0,4,2255,1917.0
1322,25,50693,4849.0,783.0,21,27458,1349.0
1323,53,41063,8482.0,709.0,27,11903,1263.0
1324,55,99676,35204.0,662.0,24,16803,4541.0
1325,57,104184,33503.0,602.0,13,44782,2070.0
1326,37,41978,10305.0,702.0,19,22313,1051.0
1327,52,23745,6247.0,726.0,14,4,1000.0
1328,65,86549,10521.0,645.0,12,35720,2835.0
1329,42,40417,14106.0,696.0,25,18600,1486.0
1330,52,78501,26049.0,660.0,10,9888,2243.0
1331,42,22664,6574.0,670.0,12,6658,1000.0
1332,46,82187,18836.0,580.0,10,4403,2728.0
1333,35,31890,12393.0,668.0,8,14288,1000.0
1334,63,76415,27608.0,733.0,19,38855,1391.0
1335,35,55354,15843.0,645.0,26,3593,1440.0
1336,19,35804,7124.0,683.0,17,17540,1000.0
1337,52,45795,12720.0,638.0,7,21200,2072.0
1338,33,74902,19785.0,700.0,24,15591,3057.0
1339,58,57684,11892.0,668.0,30,23891,2133.0
1340,53,71544,12745.0,628.0,13,2,3014.0
1341,50,133852,28142.0,,15,74834,4955.0
1342,21,27206,7173.0,731.0,22,8984,1159.0
1343,50,113872,24711.0,647.0,29,42384,1630.0
1344,31,57644,9473.0,707.0,14,22988,1597.0
1345,38,36704,11874.0,710.0,9,12363,1373.0
1346,65,30226,7559.0,715.0,22,15538,1000.0
1347,37,50513,5135.0,587.0,24,18479,1000.0
1348,25,83269,16476.0,735.0,18,45353,1986.0
1349,24,51932,18860.0,649.0,14,18145,1199.0
1350,20,108565,34923.0,660.0,25,11147,2303.0
1351,34,28626,5251.0,820.0,22,15691,1000.0
1352,50,54702,20799.0,697.0,13,22372,1623.0
1353,65,31304,3272.0,659.0,18,13133,1283.0
1354,29,64778,25108.0,,9,38303,2412.0
1355,68,81976,13003.0,756.0,23,3699,3307.0
1356,39,45513,3773.0,606.0,16,11704,1909.0
1357,39,20000,4376.0,625.0,15,2869,1000.0
1358,63,60151,11722.0,662.0,18,22752,1446.0
1359,47,66945,16904.0,758.0,18,32407,1000.0
1360,55,65974,22099.0,723.0,24,38251,2871.0
1361,55,95912,33529.0,671.0,22,26161,1409.0
1362,62,33966,7078.0,697.0,17,16023,1264.0
1363,68,74696,16250.0,647.0,23,41100,1875.0
1364,25,94063,11985.0,688.0,21,38565,4151.0
1365,44,24704,2352.0,684.0,15,3598,1000.0
1366,44,63509,18112.0,733.0,17,23163,2523.0
1367,51,43836,4411.0,733.0,17,25511,1000.0
1368,38,53019,16692.0,,22,31415,1191.0
1369,47,64315,16240.0,660.0,15,24788,2081.0
1370,50,44172,6341.0,721.0,15,23508,2022.0
1371,45,40580,10252.0,675.0,32,4878,1207.0
1372,64,55852,7739.0,620.0,25,8246,2441.0
1373,50,33719,7432.0,658.0,13,19278,1305.0
1374,22,33741,11332.0,,22,2738,1317.0
1375,65,74668,17010.0,730.0,19,8562,2018.0
1376,36,32798,4184.0,670.0,21,8276,1000.0
1377,21,74230,23132.0,613.0,19,26259,1403.0
1378,52,67728,9466.0,683.0,26,24537,3023.0
1379,66,25298,8003.0,686.0,20,4432,1125.0
1380,34,40546,9463.0,690.0,18,22396,1517.0
1381,61,94131,21198.0,731.0,25,51684,2106.0
1382,45,35368,12466.0,736.0,20,8320,1000.0
1383,47,44628,13690.0,647.0,19,11629,2029.0
1384,46,67712,6130.0,646.0,20,28540,1000.0
1385,63,78246,13676.0,623.0,17,31126,3178.0
1386,70,49114,17617.0,718.0,18,11266,1196.0
1387,23,42033,,760.0,14,10447,1112.0
1388,52,104313,26546.0,663.0,13,21783,4197.0
1389,58,120282,37637.0,667.0,11,16988,1867.0
1390,54,85440,23837.0,761.0,8,23486,2077.0
1391,41,57153,18482.0,708.0,12,23539,2528.0
1392,46,38230,11936.0,704.0,17,17019,1369.0
1393,66,37850,11410.0,614.0,19,17688,1426.0
1394,63,69579,23858.0,717.0,16,15644,2627.0
1395,70,66394,19030.0,629.0,3,30460,1000.0
1396,48,103343,21575.0,618.0,29,404,1992.0
1397,52,73702,17026.0,661.0,26,21096,2128.0
1398,50,27965,8651.0,648.0,21,13321,1000.0
1399,69,88297,31824.0,668.0,31,33379,2313.0
1400,38,35100,5866.0,601.0,11,9984,1353.0
1401,49,46272,8767.0,733.0,31,17897,1000.0
1402,40,61555,23258.0,742.0,11,33496,2125.0
1403,50,135015,35796.0,580.0,20,45882,1688.0
1404,20,200000,27454.0,734.0,9,95974,2920.0
1405,35,72266,21129.0,635.0,18,42525,1887.0
1406,42,50648,20109.0,727.0,21,21441,2053.0
1407,59,69956,24030.0,676.0,17,24065,1213.0
1408,48,82005,26130.0,682.0,23,1844,2541.0
1409,20,47610,6978.0,670.0,19,10697,1672.0
1410,57,123369,44458.0,747.0,14,41855,2486.0
1411,63,60999,15143.0,612.0,14,29177,1804.0
1412,41,68808,25086.0,713.0,24,18087,2951.0
1413,67,74217,13771.0,741.0,13,42752,2195.0
1414,49,66490,6639.0,719.0,24,10843,1180.0
1415,64,80227,18638.0,808.0,27,35841,2682.0
1416,39,41661,6930.0,651.0,6,10474,1343.0
1417,40,42781,13214.0,733.0,26,12475,1000.0
1418,19,33524,12949.0,674.0,32,16142,1000.0
1419,44,67028,20183.0,748.0,20,11913,1188.0
1420,59,78089,28410.0,680.0,22,4536,1331.0
1421,19,67581,15204.0,659.0,25,21096,1429.0
1422,43,116846,38200.0,752.0,16,37073,3229.0
1423,34,54862,19189.0,653.0,19,26241,1366.0
1424,57,74312,22849.0,602.0,9,43175,3135.0
1425,50,33652,8160.0,652.0,19,1117,1107.0
1426,26,46207,12951.0,714.0,21,16404,1927.0
1427,60,75213,22877.0,757.0,22,30745,2262.0
1428,65,80594,12975.0,686.0,25,47670,1249.0
1429,56,48185,16338.0,753.0,13,27251,1346.0
1430,46,53256,20456.0,605.0,14,22765,2125.0
1431,59,27779,6358.0,656.0,31,8697,1000.0
1432,43,46837,14254.0,664.0,17,4539,1000.0
1433,52,82106,25933.0,674.0,19,18926,1928.0
1434,67,71249,20799.0,685.0,18,25014,1814.0
1435,42,68898,17574.0,718.0,12,29979,1565.0
1436,41,56246,20368.0,656.0,29,21443,1000.0
1437,30,55175,12340.0,688.0,14,23641,1151.0
1438,24,40862,4068.0,678.0,10,10522,1440.0
1439,53,75325,26383.0,629.0,15,32885,1911.0
1440,62,66471,19654.0,674.0,4,5733,2232.0
1441,37,68631,24142.0,672.0,13,6695,2085.0
1442,18,43407,5397.0,671.0,11,4241,1337.0
1443,25,20870,1875.0,682.0,22,11155,1000.0
1444,63,90112,34152.0,684.0,13,4111,2693.0
1445,33,44339,5643.0,656.0,24,21323,1000.0
1446,31,37303,12649.0,750.0,28,5228,1003.0
1447,29,75143,25806.0,616.0,23,21120,2374.0
1448,68,46105,14144.0,640.0,16,25338,1000.0
1449,40,88615,10811.0,820.0,19,31154,1866.0
1450,32,72602,21314.0,623.0,7,9153,1439.0
1451,45,74809,27268.0,606.0,17,12751,1111.0
1452,51,29745,6430.0,720.0,12,16427,1000.0
1453,19,94889,20147.0,580.0,23,24319,4283.0
1454,49,61861,13715.0,667.0,36,21787,1503.0
1455,40,46579,4953.0,798.0,21,12854,1297.0
1456,39,58666,21439.0,595.0,4,13321,2010.0
1457,68,24730,8857.0,580.0,15,3313,1000.0
1458,42,66104,26397.0,598.0,19,27216,2919.0
1459,39,34609,9250.0,729.0,19,14915,1422.0
1460,39,29923,9587.0,742.0,13,4935,1166.0
1461,66,27723,4016.0,652.0,20,13124,1226.0
1462,69,90744,26643.0,718.0,9,46526,1832.0
1463,59,41437,11930.0,756.0,11,22890,1370.0
1464,23,109674,40402.0,778.0,23,10608,4614.0
1465,32,43217,14947.0,666.0,11,7881,1439.0
1466,60,25509,9701.0,580.0,22,13168,1150.0
1467,54,33278,11914.0,635.0,8,3964,1000.0
1468,50,95914,34335.0,657.0,30,200,2604.0
1469,25,51274,5147.0,666.0,13,26790,2311.0
1470,70,42974,15071.0,670.0,16,8417,1081.0
1471,61,59107,16219.0,742.0,20,14700,2196.0
1472,61,68933,13907.0,750.0,14,18460,1000.0
1473,22,90937,8920.0,671.0,19,46284,3243.0
1474,56,105547,31332.0,740.0,22,21398,4608.0
1475,21,46779,8655.0,700.0,25,25044,1181.0
1476,23,30284,6956.0,684.0,24,11210,1000.0
1477,62,45662,13614.0,730.0,17,14446,1000.0
1478,49,61834,22988.0,684.0,17,12080,2612.0
1479,69,35646,12267.0,793.0,34,5212,1304.0
1480,47,35752,8015.0,601.0,25,13387,1000.0
1481,64,64202,13103.0,652.0,12,17215,1000.0
1482,52,53809,8433.0,673.0,19,29396,2116.0
1483,57,55818,11118.0,704.0,16,16465,2205.0
1484,69,39096,4517.0,750.0,17,12005,1000.0
1485,33,49583,19375.0,679.0,9,12397,1118.0
1486,30,36286,9567.0,602.0,15,17184,1397.0
1487,67,82099,9926.0,726.0,31,20927,2464.0
1488,59,87636,16905.0,722.0,22,14162,3890.0
1489,47,23964,6112.0,580.0,3,12395,1000.0
1490,36,36200,9069.0,680.0,27,12963,1269.0
1491,34,28047,2562.0,593.0,26,9954,1000.0
1492,36,41051,15775.0,643.0,15,15045,1803.0
1493,45,52973,8906.0,630.0,23,22847,1366.0
1494,43,28645,2440.0,725.0,12,5381,1000.0
1495,54,36325,3795.0,686.0,15,738,1000.0
1496,43,35007,9300.0,609.0,28,17026,1433.0
1497,70,60377,7492.0,728.0,16,4670,1757.0
1498,40,56743,5297.0,601.0,5,24575,1379.0
1499,26,39748,8008.0,698.0,18,1963,1218.0
1500,29,59555,16633.0,635.0,17,13411,1009.0
1501,70,43005,4979.0,660.0,26,1626,1000.0
1502,18,48671,8774.0,708.0,18,15250,1064.0
1503,18,116791,24956.0,709.0,15,45768,3815.0
1504,64,100538,13173.0,754.0,25,10341,
1505,51,30647,7415.0,675.0,19,6834,1228.0
1506,49,79895,8570.0,697.0,13,44593,3467.0
1507,65,79238,7519.0,656.0,26,21032,2079.0
1508,42,32806,8082.0,690.0,19,15797,1220.0
1509,57,79502,12667.0,704.0,18,44228,1192.0
1510,62,109882,12144.0,,19,64238,1584.0
1511,70,33188,7157.0,581.0,11,17888,1000.0
1512,18,36396,13570.0,698.0,14,6931,1000.0
1513,33,86945,27104.0,700.0,18,50215,1699.0
1514,56,62147,21192.0,643.0,17,30293,1371.0
1515,22,70492,25308.0,609.0,27,35409,2403.0
1516,39,64110,25082.0,761.0,20,584,1568.0
1517,46,65572,21261.0,707.0,24,37543,2038.0
1518,20,30278,8317.0,667.0,18,14135,1000.0
1519,29,88114,17353.0,617.0,25,40601,1598.0
1520,43,93098,12859.0,635.0,21,4554,1393.0
1521,33,49606,14868.0,752.0,18,6922,1011.0
1522,68,53934,21486.0,688.0,18,31139,1000.0
1523,54,27614,6339.0,650.0,11,8295,1000.0
1524,39,69321,21599.0,708.0,22,16548,2705.0
1525,46,71148,16964.0,635.0,18,35856,1695.0
1526,31,53482,11671.0,763.0,14,2803,1359.0
1527,45,91222,19275.0,754.0,26,22821,3622.0
1528,22,47323,11428.0,654.0,9,10668,1000.0
1529,64,70910,13998.0,645.0,15,14885,1168.0
1530,66,34761,11110.0,580.0,25,6417,1015.0
1531,47,54420,19579.0,599.0,20,6859,1852.0
1532,63,50850,18434.0,606.0,18,5276,1652.0
1533,69,60869,9305.0,687.0,20,23389,2209.0
1534,22,46574,17078.0,662.0,19,25692,1000.0
1535,29,51840,9813.0,606.0,7,15827,1388.0
1536,33,79763,14276.0,665.0,16,14260,1631.0
1537,43,45186,14123.0,708.0,29,4315,1708.0
1538,43,26692,4738.0,709.0,13,13295,1110.0
1539,65,120862,11717.0,580.0,16,70450,2644.0
1540,38,102410,20437.0,673.0,14,21454,1605.0
1541,56,30748,9559.0,604.0,17,5368,1000.0
1542,53,75016,13850.0,730.0,14,27073,1198.0
1543,50,43860,12345.0,723.0,21,20404,1020.0
1544,47,61924,18035.0,631.0,19,16920,1885.0
1545,54,62786,19765.0,638.0,23,23736,2823.0
1546,40,49494,18168.0,655.0,11,21279,1278.0
1547,27,38654,8443.0,580.0,16,22278,1000.0
1548,22,40310,5372.0,698.0,16,3992,1000.0
1549,53,36417,6630.0,665.0,21,21793,1000.0
1550,51,37827,8257.0,733.0,12,8900,1000.0
1551,69,53362,16459.0,620.0,24,23155,2023.0
1552,48,39855,3356.0,646.0,26,13688,1000.0
1553,27,74758,13535.0,597.0,11,21829,3420.0
1554,36,107404,35395.0,625.0,15,44986,3214.0
1555,49,42364,12484.0,615.0,14,10059,1298.0
1556,18,61256,19244.0,735.0,36,4635,1496.0
1557,22,68868,23400.0,642.0,15,20201,2445.0
1558,62,68015,,687.0,30,21299,1919.0
1559,21,56912,16977.0,659.0,9,6894,1336.0
1560,33,76826,16955.0,610.0,11,43128,1639.0
1561,41,68330,26973.0,671.0,13,9326,2962.0
1562,33,31513,8260.0,713.0,12,7738,1000.0
1563,19,81325,11783.0,614.0,16,7560,2200.0
1564,66,81991,14242.0,725.0,13,26358,1982.0
1565,45,39011,11779.0,633.0,12,7201,1000.0
1566,49,55947,21031.0,653.0,26,16424,1046.0
1567,44,74801,10262.0,709.0,27,10081,1408.0
1568,37,50056,5323.0,644.0,25,1615,1783.0
1569,41,89137,32276.0,682.0,22,41675,2322.0
1570,29,159346,59418.0,663.0,19,61293,6145.0
1571,67,38615,6504.0,687.0,15,7895,1395.0
1572,52,29543,5930.0,580.0,11,842,1000.0
1573,50,63058,18366.0,580.0,21,32749,1971.0
1574,50,76099,14122.0,714.0,10,7753,2836.0
1575,68,49573,17881.0,737.0,11,27684,1666.0
1576,60,105774,12103.0,630.0,26,30374,3438.0
1577,54,30113,2775.0,667.0,31,6150,1119.0
1578,29,75124,11022.0,696.0,21,33434,1081.0
1579,20,41875,7184.0,718.0,26,22031,1544.0
1580,18,119230,13847.0,580.0,16,26520,2574.0
1581,50,134823,13620.0,631.0,9,32952,4255.0
1582,57,38952,12535.0,662.0,22,10123,1000.0
1583,27,42950,5694.0,719.0,22,23768,1738.0
1584,60,80976,30160.0,817.0,19,33649,2309.0
1585,61,46207,9138.0,667.0,16,6866,1568.0
1586,46,53887,15875.0,603.0,25,5981,2100.0
1587,30,55632,8463.0,702.0,11,7689,2356.0
1588,29,23184,3638.0,753.0,13,3666,1000.0
1589,48,54659,14425.0,686.0,11,7549,1000.0
1590,63,40324,10460.0,630.0,19,15932,1653.0
1591,19,44055,14362.0,733.0,10,3064,1459.0
1592,68,105316,33964.0,716.0,13,24477,3456.0
1593,67,31246,9206.0,624.0,13,11718,1350.0
1594,52,79303,17742.0,701.0,16,13840,1649.0
1595,40,48511,17707.0,735.0,8,1900,1000.0
1596,34,48494,13541.0,745.0,19,2381,1436.0
1597,43,78492,31151.0,676.0,27,5932,2946.0
1598,25,64094,21933.0,660.0,19,32144,1757.0
1599,46,71102,6696.0,748.0,29,28065,2391.0
1600,43,85031,15526.0,613.0,27,3292,2346.0
1601,27,47382,12461.0,704.0,23,11118,1556.0
1602,43,41755,12980.0,605.0,19,6979,1666.0
1603,51,33751,8644.0,739.0,18,11706,1000.0
1604,68,37936,12578.0,666.0,23,11900,1354.0
1605,58,200000,34090.0,750.0,15,57735,7750.0
1606,24,96297,13371.0,707.0,5,18172,2639.0
1607,21,29945,2912.0,613.0,21,2476,1000.0
1608,70,30333,7992.0,758.0,10,13511,1000.0
1609,67,68318,20519.0,765.0,11,36066,2669.0
1610,62,70358,12972.0,729.0,18,39857,1649.0
1611,28,70410,19458.0,638.0,17,2476,1719.0
1612,46,49038,4741.0,663.0,8,21770,1162.0
1613,53,51981,5810.0,688.0,19,22659,1514.0
1614,42,63744,19414.0,641.0,25,36224,2289.0
1615,38,57167,11307.0,773.0,10,8675,2185.0
1616,53,20260,5973.0,688.0,27,9022,1000.0
1617,27,49597,17168.0,580.0,7,1626,1716.0
1618,54,37495,13230.0,699.0,33,14201,1369.0
1619,26,59512,8040.0,661.0,15,12528,1333.0
1620,41,200000,47122.0,676.0,19,92269,3144.0
1621,52,64890,20431.0,660.0,5,33612,2746.0
1622,66,47763,15651.0,724.0,18,10455,1675.0
1623,52,83275,27572.0,742.0,20,26261,2840.0
1624,65,68343,10457.0,696.0,17,4814,1000.0
1625,53,66445,9409.0,661.0,14,16621,2642.0
1626,35,72270,19426.0,678.0,11,15645,2267.0
1627,66,138764,44009.0,681.0,26,15247,5656.0
1628,56,33064,6022.0,636.0,18,17745,1487.0
1629,49,68065,7726.0,712.0,29,6048,3022.0
1630,41,36251,11215.0,705.0,14,13828,1488.0
1631,40,70620,12422.0,765.0,15,37717,1000.0
1632,49,36377,4847.0,749.0,24,19905,1529.0
1633,54,45582,5801.0,642.0,7,21694,1000.0
1634,29,48161,8706.0,725.0,10,5090,1968.0
1635,66,85324,23008.0,628.0,26,41848,1863.0
1636,30,83149,16188.0,718.0,10,13798,2730.0
1637,40,31399,2720.0,652.0,5,17377,1000.0
1638,42,56377,6258.0,624.0,31,23986,2154.0
1639,52,39966,,695.0,8,18830,1000.0
1640,58,31218,9088.0,580.0,19,1593,1000.0
1641,47,49883,5563.0,584.0,18,17442,1983.0
1642,34,47871,12418.0,670.0,3,23585,1708.0
1643,66,163916,19402.0,685.0,16,84737,2082.0
1644,37,66831,9872.0,660.0,21,1148,1733.0
1645,65,29589,3997.0,593.0,20,16673,1000.0
1646,42,42657,4330.0,635.0,24,1109,1491.0
1647,39,87091,25677.0,702.0,15,32111,3902.0
1648,30,140771,32136.0,712.0,23,58565,4834.0
1649,36,26941,9320.0,679.0,13,1735,1000.0
1650,66,23603,2635.0,744.0,8,680,1000.0
1651,53,127647,16124.0,702.0,9,60115,5751.0
1652,29,65540,11670.0,639.0,8,15127,1309.0
1653,58,37211,12096.0,665.0,25,2391,1162.0
1654,36,69959,12442.0,603.0,7,32013,1808.0
1655,29,20000,4214.0,674.0,20,10190,1000.0
1656,26,55084,9723.0,741.0,16,19413,2281.0
1657,24,63743,6736.0,718.0,17,6167,1521.0
1658,45,83367,31731.0,757.0,28,761,2877.0
1659,31,34851,8906.0,663.0,15,14654,1073.0
1660,48,57162,18984.0,754.0,22,18868,1245.0
1661,69,36266,10542.0,669.0,18,14161,1000.0
1662,36,61698,15089.0,761.0,17,30103,1879.0
1663,64,36761,3996.0,679.0,34,9578,1000.0
1664,33,45773,13076.0,719.0,8,3420,1809.0
1665,70,35136,4558.0,761.0,27,19816,1000.0
1666,22,73725,15674.0,669.0,23,24120,1154.0
1667,52,80934,22768.0,692.0,15,29879,1935.0
1668,29,49489,16347.0,751.0,29,27716,
1669,42,55955,16743.0,673.0,5,31276,1587.0
1670,69,28659,8451.0,607.0,14,9837,1000.0
1671,38,48061,6137.0,798.0,10,8582,1757.0
1672,53,53771,10257.0,654.0,21,32169,2380.0
1673,70,178876,16766.0,689.0,10,73069,6729.0
1674,40,33346,10345.0,744.0,21,8172,1000.0
1675,33,106294,40905.0,647.0,17,35704,4643.0
1676,56,86135,14171.0,625.0,15,21491,2203.0
1677,62,62403,6743.0,694.0,21,33260,1766.0
1678,70,121354,28176.0,581.0,16,35132,3222.0
1679,59,65026,23029.0,664.0,10,32130,1421.0
1680,56,65527,16816.0,693.0,38,33033,2774.0
1681,31,53701,5100.0,665.0,15,26560,1266.0
1682,48,95387,37369.0,595.0,3,41332,3032.0
1683,22,90084,31094.0,768.0,12,46206,1847.0
1684,52,41504,5068.0,686.0,9,9643,1622.0
1685,40,30377,11391.0,759.0,24,2090,1164.0
1686,46,50199,11256.0,666.0,20,25374,1123.0
1687,60,38372,7636.0,632.0,21,11469,1351.0
1688,28,53450,12162.0,695.0,15,4085,1922.0
1689,35,95984,33312.0,668.0,16,6641,3000.0
1690,64,44770,13030.0,615.0,15,4278,1456.0
1691,29,53950,5339.0,761.0,17,24309,1707.0
1692,26,56455,21816.0,646.0,24,24079,1000.0
1693,27,80570,10256.0,580.0,20,9853,2807.0
1694,61,20010,6375.0,753.0,22,10168,1000.0
1695,34,41859,11870.0,652.0,21,7065,1135.0
1696,55,60486,8469.0,647.0,24,28779,2490.0
1697,24,94384,12707.0,583.0,20,27681,1253.0
1698,63,44079,15803.0,776.0,21,19348,1000.0
1699,30,23639,5066.0,609.0,26,5409,1000.0
1700,57,72690,21041.0,683.0,13,15140,1000.0
1701,59,41323,9971.0,730.0,12,20861,1000.0
1702,26,32201,10071.0,703.0,10,682,1464.0
1703,67,41528,9691.0,677.0,19,24287,1000.0
1704,44,50617,8704.0,586.0,5,19685,1753.0
1705,19,41896,8223.0,635.0,21,10872,1000.0
1706,22,20386,7235.0,690.0,17,7682,1000.0
1707,46,82353,18922.0,637.0,26,6065,3732.0
1708,54,97615,14477.0,691.0,13,30108,2170.0
1709,55,73738,27952.0,717.0,17,43583,3006.0
1710,36,32963,11040.0,733.0,26,4653,1508.0
1711,25,50232,4913.0,613.0,28,21769,1613.0
1712,65,54839,21917.0,801.0,13,14312,1251.0
1713,62,72009,21774.0,722.0,19,28190,2517.0
1714,18,74298,9754.0,680.0,20,9134,3021.0
1715,39,39526,6162.0,740.0,21,11157,1000.0
1716,69,57067,17210.0,810.0,16,33559,1574.0
1717,34,67566,22265.0,601.0,27,7917,1563.0
1718,24,105896,16572.0,668.0,5,40438,2324.0
1719,42,75517,12251.0,580.0,15,26080,3111.0
1720,62,78446,13985.0,691.0,21,26596,2083.0
1721,21,57114,15499.0,700.0,21,21079,1359.0
1722,53,103756,14005.0,678.0,27,31266,3384.0
1723,23,66137,7497.0,644.0,26,672,1310.0
1724,48,37332,11096.0,580.0,16,20161,1000.0
1725,36,103425,34059.0,701.0,27,51318,3087.0
1726,61,75293,18093.0,760.0,13,7868,1968.0
1727,56,45059,8851.0,647.0,25,11173,1006.0
1728,44,44326,9674.0,,31,20493,1000.0
1729,27,62853,12840.0,594.0,27,36960,1877.0
1730,43,67746,26231.0,705.0,19,38661,2691.0
1731,36,60106,19582.0,658.0,16,32434,2457.0
1732,56,63271,9275.0,638.0,7,6012,1287.0
1733,20,118192,23986.0,638.0,20,64850,3840.0
1734,62,89079,22634.0,658.0,10,46951,3655.0
1735,30,59927,16549.0,701.0,12,13554,1566.0
1736,67,84009,19307.0,608.0,10,19886,3660.0
1737,45,34560,11724.0,658.0,15,9537,1472.0
1738,37,65786,21422.0,678.0,18,25900,1279.0
1739,45,124154,30002.0,620.0,20,19430,2624.0
1740,25,49860,17621.0,779.0,14,687,1000.0
1741,58,37558,12032.0,633.0,25,3183,1000.0
1742,56,41013,13499.0,643.0,17,10830,1754.0
1743,18,33683,13003.0,626.0,12,5699,1466.0
1744,20,38636,6385.0,779.0,20,17723,1000.0
1745,30,46554,7712.0,710.0,32,2980,1503.0
1746,45,29219,10649.0,628.0,20,16084,1000.0
1747,66,55388,18118.0,741.0,15,29754,1413.0
1748,42,82546,31078.0,691.0,7,45009,2770.0
1749,50,36556,3663.0,694.0,16,16222,1611.0
1750,55,108963,30606.0,661.0,20,6995,1980.0
1751,70,69213,8740.0,639.0,15,18195,1143.0
1752,23,87452,21098.0,699.0,6,6895,1190.0
1753,61,40907,5311.0,650.0,12,24242,1007.0
1754,62,80791,9775.0,780.0,28,16144,1919.0
1755,49,33648,2823.0,610.0,28,11817,1000.0
1756,62,82101,23126.0,764.0,12,38393,2404.0
1757,64,59422,11581.0,674.0,23,32823,2244.0
1758,38,70548,8019.0,696.0,10,31981,1804.0
1759,33,32405,5940.0,726.0,28,13114,1000.0
1760,38,36765,4929.0,645.0,20,10279,1473.0
1761,28,71958,27441.0,728.0,25,26138,2938.0
1762,54,35894,6547.0,580.0,6,2028,1000.0
1763,53,67747,12660.0,640.0,23,35930,1557.0
1764,52,29729,10368.0,629.0,18,9700,1189.0
1765,36,80561,23144.0,611.0,24,1940,1220.0
1766,37,31585,9705.0,668.0,24,17433,1000.0
1767,35,70518,19993.0,701.0,18,20703,1935.0
1768,64,72884,27899.0,719.0,14,37984,1366.0
1769,58,40197,5878.0,693.0,23,20667,1000.0
1770,66,71468,28337.0,643.0,18,34980,1905.0
1771,31,61839,21390.0,700.0,12,2278,2328.0
1772,32,43157,11586.0,687.0,12,6398,1748.0
1773,48,34935,10200.0,731.0,8,18352,1577.0
1774,18,22741,6541.0,723.0,14,12266,1000.0
1775,70,64372,6353.0,682.0,26,17692,1270.0
1776,20,27199,4073.0,631.0,19,7181,1026.0
1777,33,57411,22257.0,644.0,14,6033,1752.0
1778,40,48851,12261.0,650.0,24,28385,1144.0
1779,28,74660,15012.0,663.0,12,9548,1445.0
1780,29,48010,15548.0,695.0,19,5500,1049.0
1781,27,47422,11753.0,719.0,17,18800,1271.0
1782,49,76453,6438.0,677.0,23,11140,1407.0
1783,33,63950,20182.0,681.0,7,36021,2855.0
1784,25,63409,19930.0,688.0,12,415,1020.0
1785,55,67932,9025.0,652.0,7,234,3081.0
1786,29,27559,10641.0,629.0,16,8348,1118.0
1787,41,77315,11725.0,583.0,26,22641,2057.0
1788,45,72453,16409.0,642.0,14,7102,2692.0
1789,70,34807,4063.0,706.0,14,10328,1214.0
1790,25,49279,13456.0,641.0,24,12172,1000.0
1791,45,54036,10815.0,667.0,25,28866,1286.0
1792,53,51770,9992.0,706.0,17,287,1533.0
1793,43,63916,22028.0,709.0,23,37440,2158.0
1794,25,104737,8699.0,621.0,10,39238,3205.0
1795,67,89490,30010.0,735.0,28,8153,2530.0
1796,45,30473,8010.0,742.0,33,855,1000.0
1797,45,72767,28783.0,618.0,22,23494,2118.0
1798,54,100018,26867.0,635.0,3,14096,2698.0
1799,58,65457,,746.0,14,11828,1999.0
1800,53,89862,8645.0,,22,13217,3783.0
1801,44,136027,49325.0,580.0,15,53065,4570.0
1802,34,87182,30443.0,603.0,27,28955,3190.0
1803,26,61530,11733.0,666.0,22,2879,1995.0
1804,50,88025,24451.0,616.0,13,27808,2987.0
1805,70,58705,13894.0,657.0,18,27868,1866.0
1806,37,55595,21654.0,682.0,12,2708,1000.0
1807,30,46955,18030.0,760.0,17,25067,2151.0
1808,45,111149,43885.0,664.0,14,38567,1514.0
1809,65,38055,13596.0,739.0,26,21706,1000.0
1810,46,109607,40670.0,759.0,33,9742,1754.0
1811,30,68874,10299.0,759.0,8,41058,1083.0
1812,63,29302,10136.0,696.0,5,11327,1141.0
1813,52,64895,19912.0,580.0,16,22097,1733.0
1814,23,21377,8296.0,705.0,7,6609,1000.0
1815,35,72880,19153.0,738.0,18,1034,1574.0
1816,68,81915,8786.0,676.0,23,46182,1724.0
1817,22,42131,11425.0,776.0,28,16279,1000.0
1818,64,58144,17426.0,727.0,19,3197,1921.0
1819,42,132516,19944.0,711.0,17,1666,5256.0
1820,19,43805,9029.0,740.0,4,1335,1208.0
1821,27,34152,9273.0,698.0,18,12487,1000.0
1822,47,107134,21396.0,580.0,18,39469,4816.0
1823,67,133020,26602.0,653.0,22,39879,2180.0
1824,62,55092,6754.0,746.0,13,10140,1582.0
1825,22,86703,33037.0,636.0,15,27662,2264.0
1826,50,100584,32203.0,668.0,8,31159,1586.0
1827,18,39378,3166.0,623.0,3,459,1000.0
1828,35,44210,14368.0,778.0,10,7493,1000.0
1829,49,95701,30312.0,772.0,7,3054,3994.0
1830,64,117400,9758.0,631.0,20,63407,3846.0
1831,66,70855,14049.0,688.0,14,30831,2811.0
1832,28,37018,10149.0,643.0,14,22125,1106.0
1833,38,134493,30245.0,714.0,11,24384,4369.0
1834,43,43311,14247.0,708.0,3,22829,1553.0
1835,42,47301,10224.0,725.0,29,17115,2023.0
1836,39,64160,8292.0,698.0,11,17444,1000.0
1837,44,110687,43439.0,820.0,15,14782,2605.0
1838,66,80771,12718.0,623.0,8,35784,2919.0
1839,30,66289,20527.0,586.0,25,35961,2946.0
1840,50,67749,8524.0,658.0,19,9565,3062.0
1841,51,56088,10392.0,594.0,12,5902,1894.0
1842,58,70704,15657.0,598.0,15,29535,1340.0
1843,52,20000,2830.0,625.0,30,11724,1000.0
1844,18,48128,10780.0,629.0,17,21656,2119.0
1845,38,61309,7988.0,627.0,17,10468,1653.0
1846,65,32766,8483.0,709.0,11,8256,1000.0
1847,23,65443,19135.0,652.0,5,15091,2855.0
1848,45,50165,5015.0,670.0,17,25647,1000.0
1849,34,121182,43476.0,729.0,20,56086,4462.0
1850,22,111630,15544.0,638.0,26,39448,3722.0
1851,48,44599,6784.0,665.0,3,7358,1000.0
1852,22,51391,14987.0,700.0,10,28923,1223.0
1853,55,53200,12236.0,580.0,14,20854,
1854,20,44884,10763.0,580.0,18,26135,1465.0
1855,70,60045,7266.0,699.0,17,20900,1706.0
1856,40,39099,13209.0,707.0,17,19265,1000.0
1857,54,33068,9175.0,794.0,21,16133,1489.0
1858,70,72788,8976.0,689.0,12,14732,1758.0
1859,54,73012,14579.0,725.0,25,42231,1541.0
1860,27,38298,12996.0,669.0,21,504,1000.0
1861,27,82289,21549.0,696.0,16,37954,1464.0
1862,36,41393,4751.0,772.0,29,23980,1896.0
1863,34,61637,12284.0,580.0,29,12534,1377.0
1864,38,79558,12543.0,703.0,25,30937,2070.0
1865,31,54174,13305.0,797.0,3,18275,2251.0
1866,26,67489,23613.0,696.0,29,30836,2288.0
1867,63,43595,9574.0,771.0,24,22657,1081.0
1868,18,50346,11009.0,645.0,32,18217,2137.0
1869,68,50134,18535.0,678.0,27,24543,1880.0
1870,62,39306,10392.0,682.0,29,7365,1000.0
1871,30,50794,13266.0,580.0,24,6967,1725.0
1872,21,27398,4488.0,616.0,27,7080,1185.0
1873,18,44094,12103.0,620.0,32,17930,1281.0
1874,66,48383,12787.0,725.0,20,5436,1788.0
1875,57,49011,10145.0,728.0,7,20007,2199.0
1876,49,49336,19588.0,698.0,16,11666,1752.0
1877,51,53492,19375.0,725.0,21,25534,1000.0
1878,45,68243,21829.0,671.0,19,1508,1409.0
1879,48,81521,20539.0,746.0,9,32673,2636.0
1880,25,41056,9355.0,680.0,7,16007,1000.0
1881,56,32005,4454.0,683.0,13,18069,1422.0
1882,43,34412,6120.0,665.0,24,14729,1000.0
1883,51,44172,14474.0,718.0,29,21105,1225.0
1884,20,46945,10572.0,657.0,24,25480,1685.0
1885,67,38894,14092.0,734.0,25,15753,1166.0
1886,29,30694,3908.0,618.0,17,5344,1000.0
1887,18,44794,10870.0,620.0,6,23376,1000.0
1888,61,59679,17130.0,718.0,15,26769,1932.0
1889,22,71887,17640.0,675.0,16,18307,2978.0
1890,47,42798,15602.0,655.0,15,18246,1513.0
1891,47,45672,18116.0,729.0,18,23777,1152.0
1892,34,36246,4243.0,647.0,21,21218,1000.0
1893,65,54227,6593.0,669.0,24,30986,2153.0
1894,64,37545,4569.0,757.0,16,7329,1648.0
1895,40,71182,21211.0,765.0,5,18010,1811.0
1896,32,24623,4906.0,766.0,15,1618,1000.0
1897,54,46782,14720.0,664.0,18,6948,1225.0
1898,38,62981,13210.0,748.0,27,33345,1842.0
1899,31,59743,16778.0,628.0,14,12935,2413.0
1900,19,184786,60306.0,630.0,22,68802,2824.0
1901,28,64376,16444.0,580.0,20,25723,1943.0
1902,68,35006,8844.0,772.0,18,16421,1000.0
1903,56,52687,5703.0,632.0,25,5779,1255.0
1904,55,24730,5229.0,673.0,13,4523,1000.0
1905,51,53041,13507.0,630.0,14,14268,1000.0
1906,55,37806,8613.0,718.0,18,8276,1221.0
1907,67,83035,30578.0,659.0,14,48969,1822.0
1908,51,42950,15895.0,,22,21516,1495.0
1909,35,52185,17900.0,704.0,13,15019,1000.0
1910,47,41319,8268.0,601.0,20,21798,1530.0
1911,32,120279,37231.0,634.0,17,25089,4092.0
1912,44,47597,9828.0,580.0,20,22442,2136.0
1913,68,125460,19375.0,602.0,15,16837,5379.0
1914,51,79337,15053.0,690.0,16,36764,1741.0
1915,69,68324,7017.0,580.0,19,18712,1000.0
1916,55,64927,12087.0,599.0,19,4188,2230.0
1917,50,65663,14934.0,680.0,18,10766,2140.0
1918,41,23101,8911.0,650.0,30,5576,1000.0
1919,32,48513,8746.0,790.0,11,21810,1000.0
1920,47,80451,29669.0,781.0,18,3523,2574.0
1921,59,53803,8244.0,632.0,7,21291,2308.0
1922,68,29224,4124.0,711.0,21,12555,1248.0
1923,34,53718,13219.0,721.0,10,21076,1000.0
1924,22,118413,34956.0,647.0,16,54044,2998.0
1925,46,96393,9079.0,598.0,15,10305,1344.0
1926,21,53487,8063.0,679.0,20,18841,1505.0
1927,27,84393,19058.0,670.0,14,47656,3173.0
1928,34,46638,8671.0,656.0,14,17091,1811.0
1929,27,25549,7870.0,704.0,28,9371,1000.0
1930,34,36282,8837.0,639.0,20,16032,1000.0
1931,37,111122,14592.0,617.0,14,22216,2802.0
1932,41,48620,17806.0,686.0,16,20434,
1933,22,49294,8564.0,701.0,30,27099,1000.0
1934,51,48058,15088.0,615.0,16,314,1113.0
1935,23,129567,42702.0,731.0,13,67643,4845.0
1936,70,114322,44381.0,583.0,13,14996,4225.0
1937,19,149274,35754.0,648.0,14,40834,6405.0
1938,30,51201,14186.0,666.0,14,26185,1302.0
1939,60,62826,11759.0,645.0,9,31058,1863.0
1940,60,27795,8256.0,649.0,10,14875,1000.0
1941,65,106906,24405.0,783.0,12,60322,4642.0
1942,28,32519,7156.0,633.0,22,8725,1240.0
1943,68,60636,21450.0,814.0,15,23880,2438.0
1944,64,33567,3224.0,704.0,17,7864,1000.0
1945,40,42197,15285.0,685.0,27,8880,1641.0
1946,33,37734,13307.0,706.0,27,9771,1016.0
1947,48,41837,10126.0,819.0,16,18653,1000.0
1948,28,43152,10221.0,625.0,14,12983,1000.0
1949,33,42975,8414.0,618.0,12,20991,1508.0
1950,25,80025,31861.0,638.0,23,35782,1993.0
1951,21,33453,3866.0,682.0,17,411,1386.0
1952,57,60738,16331.0,585.0,15,22968,2246.0
1953,21,95146,28367.0,681.0,12,24923,1258.0
1954,42,43658,16546.0,773.0,13,11961,1545.0
1955,20,39816,13126.0,688.0,20,19551,1000.0
1956,49,49580,,664.0,9,16290,1318.0
1957,20,93523,10978.0,646.0,25,49696,3117.0
1958,44,60020,11980.0,729.0,14,25670,2496.0
1959,46,43306,5389.0,635.0,17,14365,1200.0
1960,49,68380,24753.0,782.0,9,30957,2698.0
1961,67,33492,10713.0,786.0,18,771,1293.0
1962,68,74735,24095.0,694.0,16,1214,1967.0
1963,36,66102,19085.0,679.0,18,3306,1930.0
1964,38,47886,11601.0,737.0,28,12572,1717.0
1965,22,37712,4827.0,740.0,19,5328,1000.0
1966,35,36904,6846.0,636.0,12,21794,1557.0
1967,45,69965,8663.0,651.0,13,22765,2670.0
1968,59,95619,29830.0,607.0,22,38004,1990.0
1969,39,41287,5420.0,702.0,27,6907,1866.0
1970,38,67600,20596.0,717.0,20,13052,1249.0
1971,23,21503,6484.0,606.0,23,4328,1000.0
1972,18,42278,9596.0,655.0,22,17725,1000.0
1973,22,54237,6686.0,606.0,28,15415,2058.0
1974,58,36524,6601.0,631.0,4,11345,1012.0
1975,29,36086,6583.0,710.0,23,12818,1337.0
1976,43,40725,12385.0,640.0,25,18786,1000.0
1977,63,62729,7302.0,663.0,9,3401,1348.0
1978,51,50554,17456.0,590.0,12,23564,1000.0
1979,66,20088,6499.0,690.0,12,6789,1000.0
1980,31,21179,2957.0,678.0,13,8502,1000.0
1981,43,41856,12981.0,640.0,15,8226,1492.0
1982,62,67579,19863.0,670.0,20,16600,2692.0
1983,44,20000,6388.0,690.0,24,2774,1000.0
1984,26,43924,6169.0,635.0,26,25809,1000.0
1985,43,43403,5661.0,599.0,12,12943,1835.0
1986,64,102728,15992.0,779.0,12,61395,1960.0
1987,39,46251,9115.0,645.0,27,13592,1714.0
1988,64,65345,21823.0,675.0,23,8616,2404.0
1989,47,58610,18529.0,736.0,19,17845,1000.0
1990,60,21085,7931.0,820.0,21,501,1000.0
1991,65,77713,7675.0,612.0,18,42187,2246.0
1992,34,60598,5072.0,705.0,22,29762,1606.0
1993,43,69135,20998.0,641.0,16,30108,2981.0
1994,53,200000,33874.0,650.0,20,73179,4898.0
1995,18,21531,4024.0,640.0,7,7491,1000.0
1996,25,119516,30474.0,618.0,13,71475,3324.0
1997,66,48327,5450.0,678.0,13,8061,2158.0
1998,52,62592,17880.0,599.0,15,29281,2321.0
1999,69,53885,9917.0,732.0,12,18797,2163.0
2000,32,45442,12836.0,683.0,14,26608,1000.0
2001,64,42560,14763.0,703.0,7,21139,1364.0
2002,39,63791,8596.0,654.0,22,38218,1101.0
2003,31,27788,10501.0,660.0,17,9809,1000.0
2004,43,77099,19261.0,696.0,6,9462,2566.0
2005,45,45606,17118.0,616.0,12,13783,1674.0
2006,40,33076,4845.0,660.0,20,14112,1000.0
2007,31,44917,12283.0,633.0,14,20869,1356.0
2008,41,96839,20263.0,631.0,13,30,3035.0
2009,19,43226,14167.0,580.0,17,13098,1000.0
2010,62,64627,17701.0,754.0,20,9122,1886.0
2011,43,39583,9430.0,642.0,8,20779,1437.0
2012,31,77354,28788.0,744.0,22,7097,1104.0
2013,68,74874,15026.0,739.0,12,29940,2833.0
2014,24,126369,19005.0,609.0,18,20173,4008.0
2015,20,50822,13955.0,620.0,18,10872,2047.0
2016,64,74309,20783.0,820.0,14,41935,1469.0
2017,40,57482,12675.0,776.0,11,8293,2315.0
2018,63,98541,23228.0,678.0,16,5617,1542.0
2019,60,39800,15405.0,694.0,29,1655,1033.0
2020,64,76906,24184.0,645.0,8,23285,1473.0
2021,62,50386,5814.0,704.0,30,19400,2101.0
2022,35,53434,7902.0,641.0,16,10493,1923.0
2023,55,57318,22479.0,580.0,18,23739,1000.0
2024,52,61611,19252.0,607.0,10,2256,1000.0
2025,68,52197,19460.0,681.0,13,26850,1159.0
2026,32,60579,10737.0,618.0,14,29680,1047.0
2027,42,111887,35513.0,676.0,11,66159,3749.0
2028,54,85694,26435.0,621.0,17,48152,2967.0
2029,45,81325,14175.0,637.0,15,17381,3570.0
2030,27,44806,11482.0,727.0,31,10734,1982.0
2031,56,36862,10350.0,694.0,10,16499,1270.0
2032,34,84539,19779.0,679.0,19,6801,1073.0
2033,56,81578,28120.0,728.0,20,15370,1996.0
2034,39,106701,36974.0,706.0,11,7589,3159.0
2035,43,41911,14761.0,760.0,23,11439,1221.0
2036,61,49602,16721.0,655.0,15,16428,1618.0
2037,42,26300,6212.0,656.0,3,3332,1171.0
2038,34,46096,9314.0,608.0,23,737,1936.0
2039,30,86124,29802.0,656.0,10,37172,1389.0
2040,37,44586,10561.0,733.0,11,535,1000.0
2041,42,73372,11654.0,751.0,23,42852,2955.0
2042,21,50481,12234.0,733.0,16,6712,2018.0
2043,27,63635,7979.0,581.0,24,25348,1380.0
2044,20,32815,9888.0,740.0,26,8560,1209.0
2045,58,57150,10715.0,580.0,13,2046,1995.0
2046,62,20000,3268.0,729.0,24,5666,1000.0
2047,35,50563,19522.0,660.0,13,15677,1000.0
2048,64,26407,8677.0,719.0,34,13542,1112.0
2049,53,94635,31406.0,607.0,13,41584,3321.0
2050,64,78036,21818.0,744.0,25,3713,1415.0
2051,39,67852,23649.0,599.0,24,8515,2442.0
2052,51,109048,35215.0,643.0,20,20406,4058.0
2053,64,35885,9747.0,625.0,13,2506,1509.0
2054,25,120741,46794.0,584.0,17,33100,2406.0
2055,57,83665,11823.0,685.0,3,49411,3803.0
2056,66,49446,18883.0,779.0,20,15267,1000.0
2057,61,91685,19113.0,820.0,20,40812,2982.0
2058,36,33432,8327.0,685.0,19,13699,1150.0
2059,59,37951,4527.0,741.0,3,19353,1004.0
2060,58,41824,10575.0,693.0,9,5413,1185.0
2061,54,43349,11946.0,707.0,13,19607,1829.0
2062,23,34188,13650.0,661.0,20,18079,1163.0
2063,69,95366,37389.0,691.0,20,9814,2772.0
2064,43,48952,19054.0,710.0,17,10186,1000.0
2065,51,64455,12342.0,648.0,22,37517,1000.0
2066,62,42550,16901.0,676.0,11,19934,1000.0
2067,23,24241,5472.0,677.0,22,4110,1076.0
2068,54,62107,21898.0,725.0,21,21015,2358.0
2069,50,23262,3471.0,621.0,21,5643,1041.0
2070,70,53327,12898.0,677.0,17,15677,1000.0
2071,39,29713,11562.0,785.0,31,6332,1045.0
2072,38,134506,51523.0,744.0,21,22543,1880.0
2073,23,82884,24765.0,754.0,11,33556,3197.0
2074,23,57681,19340.0,681.0,20,26944,1453.0
2075,65,97125,13253.0,698.0,23,50930,1524.0
2076,21,37581,11685.0,735.0,14,3502,1181.0
2077,47,70239,19511.0,766.0,26,34678,1534.0
2078,28,60174,6577.0,580.0,21,9199,2075.0
2079,47,61939,7198.0,608.0,3,15881,2133.0
2080,48,97504,11184.0,752.0,20,52737,3510.0
2081,41,76474,23844.0,665.0,15,20855,3486.0
2082,26,62631,7851.0,643.0,22,7405,1590.0
2083,20,26118,5999.0,611.0,25,2505,1000.0
2084,68,35706,6935.0,649.0,19,10133,1404.0
2085,48,52045,13332.0,603.0,30,23816,1654.0
2086,57,57360,17556.0,795.0,17,34320,1000.0
2087,54,33074,9893.0,679.0,22,15626,1343.0
2088,53,162811,39883.0,677.0,24,85672,2315.0
2089,41,108822,24875.0,712.0,17,48828,1980.0
2090,48,72117,14950.0,733.0,23,38746,1147.0
2091,23,56812,20214.0,732.0,14,2601,1000.0
2092,19,49991,9292.0,739.0,15,27893,1000.0
2093,37,35837,5841.0,645.0,9,8524,1000.0
2094,45,56951,18102.0,664.0,20,31492,1552.0
2095,28,61764,12052.0,722.0,20,2807,1293.0
2096,21,31454,11042.0,651.0,26,13498,1000.0
2097,32,63925,11821.0,680.0,24,28217,2203.0
2098,23,51289,15624.0,702.0,16,30678,1028.0
2099,66,23309,2201.0,723.0,10,10753,1000.0
2100,47,37344,7595.0,582.0,21,8572,
2101,55,45659,8668.0,719.0,26,15266,1043.0
2102,68,128611,43900.0,667.0,23,28285,2974.0
2103,19,70653,27516.0,719.0,26,8310,1932.0
2104,32,30155,6860.0,723.0,17,4496,1049.0
2105,28,68446,23542.0,768.0,15,9117,2262.0
2106,25,27414,8331.0,754.0,13,9027,1199.0
2107,43,89527,34876.0,,18,48676,2664.0
2108,68,44493,15108.0,759.0,17,24366,1257.0
2109,62,52731,5526.0,696.0,19,1733,1034.0
2110,61,99877,30787.0,682.0,17,4788,3763.0
2111,22,30818,7746.0,728.0,17,4532,1000.0
2112,23,29331,2501.0,720.0,13,4489,1000.0
2113,43,42297,6785.0,663.0,25,2408,1123.0
2114,21,87760,32907.0,702.0,19,20455,3023.0
2115,36,27761,10448.0,678.0,17,9790,1196.0
2116,37,20000,6713.0,633.0,13,6938,1000.0
2117,50,44894,17696.0,751.0,9,14638,1000.0
2118,37,70500,23836.0,683.0,27,14326,1497.0
2119,66,94391,7859.0,793.0,22,40010,3734.0
2120,29,44653,7685.0,591.0,7,22143,1330.0
2121,64,45704,4104.0,649.0,23,9496,1261.0
2122,18,92443,10179.0,682.0,24,4744,
2123,43,23711,3557.0,743.0,19,4216,1000.0
2124,31,46178,11135.0,702.0,29,3806,2071.0
2125,55,59921,21045.0,697.0,20,16803,1915.0
2126,54,67322,23955.0,618.0,8,6299,1887.0
2127,28,43725,12120.0,616.0,21,12143,1338.0
2128,53,55859,21060.0,698.0,20,7407,2204.0
2129,30,20000,4800.0,605.0,14,8865,1000.0
2130,60,40900,14908.0,651.0,22,677,1393.0
2131,20,67452,15197.0,708.0,6,22451,3027.0
2132,50,35350,5964.0,626.0,25,3595,1171.0
2133,23,56479,21081.0,768.0,12,34,1422.0
2134,67,67251,13729.0,747.0,11,35073,2390.0
2135,27,47143,11366.0,594.0,17,18995,1626.0
2136,22,59385,11000.0,629.0,21,3525,1000.0
2137,40,35663,10417.0,580.0,19,14210,1001.0
2138,27,50117,19967.0,637.0,13,18392,1868.0
2139,61,72380,6381.0,722.0,14,20557,2109.0
2140,19,59026,21719.0,657.0,10,14848,2272.0
2141,30,42241,3432.0,705.0,16,22482,1163.0
2142,57,60839,11958.0,596.0,26,8949,2755.0
2143,19,75861,10162.0,724.0,18,18130,1689.0
2144,37,21864,7048.0,649.0,24,4317,1000.0
2145,18,92658,8913.0,681.0,28,42875,2486.0
2146,54,47277,12156.0,675.0,14,25997,1445.0
2147,26,66607,11615.0,610.0,17,33961,1608.0
2148,34,94264,11573.0,617.0,33,45117,1940.0
2149,26,29668,9701.0,733.0,28,17566,1035.0
2150,28,39968,,702.0,6,16718,1002.0
2151,32,48303,7322.0,738.0,21,21767,1620.0
2152,41,38654,6495.0,698.0,18,22794,1487.0
2153,55,120068,32150.0,688.0,24,504,4547.0
2154,52,37404,10888.0,585.0,13,14230,1000.0
2155,47,42834,3668.0,665.0,12,18992,1346.0
2156,48,60299,9491.0,678.0,13,33206,1658.0
2157,66,32020,6977.0,787.0,14,16980,1330.0
2158,22,46029,8572.0,718.0,24,23253,1924.0
2159,61,63446,23027.0,764.0,10,36004,1520.0
2160,67,47349,15723.0,713.0,14,15267,1000.0
2161,31,52737,14781.0,641.0,5,219,1000.0
2162,70,43343,8156.0,686.0,25,287,1072.0
2163,28,27822,8464.0,693.0,27,9092,1000.0
2164,26,63564,22245.0,628.0,16,16601,2186.0
2165,51,121153,32753.0,659.0,16,32802,2853.0
2166,29,55457,18358.0,669.0,21,13323,1927.0
2167,52,60868,19460.0,768.0,28,33516,2663.0
2168,52,75118,19753.0,580.0,21,16188,2572.0
2169,18,31067,5589.0,746.0,13,15960,1000.0
2170,57,118329,37706.0,628.0,7,64101,3766.0
2171,39,60243,8806.0,605.0,10,18055,
2172,46,114625,37762.0,745.0,19,30738,4760.0
2173,25,39546,13345.0,720.0,13,18057,1000.0
2174,28,124644,42764.0,749.0,19,52947,3315.0
2175,58,77957,18034.0,724.0,14,15367,2530.0
2176,54,70542,9988.0,793.0,11,4340,2115.0
2177,31,61108,6839.0,711.0,10,9711,2228.0
2178,47,49180,15633.0,671.0,29,3866,1000.0
2179,52,94403,34325.0,699.0,24,16694,2953.0
2180,38,58586,16888.0,748.0,30,9203,1000.0
2181,54,22695,2863.0,637.0,22,8684,1000.0
2182,22,33268,12614.0,644.0,15,19053,1150.0
2183,36,50587,20058.0,663.0,27,20814,1000.0
2184,31,63233,13828.0,580.0,18,35157,1441.0
2185,43,53617,14495.0,688.0,20,25226,1927.0
2186,21,95190,31290.0,580.0,18,41572,3255.0
2187,42,22859,7215.0,683.0,3,5679,1000.0
2188,62,58671,22864.0,728.0,29,11434,1862.0
2189,59,24270,2834.0,654.0,21,12323,1000.0
2190,42,77417,20580.0,772.0,20,42056,1619.0
2191,35,52711,15888.0,600.0,18,14292,1466.0
2192,57,66431,24236.0,746.0,19,361,1073.0
2193,25,37285,13412.0,717.0,14,17730,1701.0
2194,56,97816,38438.0,586.0,22,16731,1762.0
2195,57,87892,21434.0,820.0,9,521,3388.0
2196,31,71516,24733.0,676.0,19,34542,2872.0
2197,49,51886,11245.0,632.0,22,16108,2369.0
2198,68,71398,15361.0,603.0,17,29354,1913.0
2199,55,40014,6445.0,668.0,21,21960,1666.0
2200,50,80829,27630.0,673.0,11,26246,3590.0
2201,40,115538,45691.0,686.0,11,34883,2110.0
2202,32,89042,14427.0,664.0,20,15529,2536.0
2203,50,39607,3880.0,715.0,23,7253,1000.0
2204,42,64714,22066.0,659.0,5,30928,2148.0
2205,34,30736,8559.0,580.0,22,8281,1000.0
2206,50,71158,27546.0,672.0,14,6982,1374.0
2207,64,67364,10827.0,580.0,17,3821,2634.0
2208,19,23710,2436.0,699.0,9,6728,1000.0
2209,31,32607,7747.0,626.0,12,9096,1284.0
2210,70,48420,5198.0,689.0,25,18984,1000.0
2211,57,48036,7867.0,752.0,18,13577,1652.0
2212,57,31915,3840.0,628.0,15,2747,1000.0
2213,68,65521,9941.0,738.0,17,19963,1368.0
2214,56,61590,7019.0,656.0,21,33509,2252.0
2215,68,50396,19415.0,776.0,21,4821,1101.0
2216,23,39143,6621.0,660.0,17,16199,1156.0
2217,23,88169,19578.0,634.0,26,31416,3792.0
2218,20,115847,42580.0,718.0,25,52033,1640.0
2219,24,44244,13129.0,656.0,21,3998,1749.0
2220,68,41757,11599.0,634.0,18,23591,1000.0
2221,25,68606,20978.0,654.0,23,25561,1148.0
2222,59,46816,16162.0,678.0,20,23794,1000.0
2223,69,51656,18640.0,754.0,25,7643,2357.0
2224,32,76721,21915.0,580.0,24,34037,1420.0
2225,64,23292,8497.0,681.0,11,10915,1000.0
2226,46,99541,25017.0,714.0,10,23737,4532.0
2227,50,56829,9589.0,691.0,13,13092,1437.0
2228,69,45703,16527.0,752.0,25,18038,1533.0
2229,47,52835,13382.0,676.0,7,2961,2033.0
2230,56,54078,20007.0,670.0,21,23869,1384.0
2231,44,25237,2343.0,713.0,21,649,1000.0
2232,53,107776,22332.0,685.0,26,12325,2906.0
2233,46,56032,21477.0,659.0,19,22328,2142.0
2234,55,67134,10734.0,708.0,9,3961,2586.0
2235,50,84397,32180.0,644.0,11,49212,1704.0
2236,54,34737,13382.0,646.0,10,18099,1000.0
2237,44,68060,24657.0,651.0,14,25576,2939.0
2238,50,48759,12696.0,754.0,17,23962,1000.0
2239,21,80510,23108.0,580.0,10,42875,2978.0
2240,39,21117,7566.0,702.0,28,3288,1000.0
2241,19,52601,17268.0,682.0,9,26808,2127.0
2242,27,41933,11810.0,588.0,27,4901,1790.0
2243,22,66810,,697.0,26,16569,1497.0
2244,27,67955,20347.0,706.0,24,22762,1017.0
2245,50,40001,15687.0,712.0,13,17134,1141.0
2246,55,39919,3927.0,580.0,20,722,1000.0
2247,30,52328,6513.0,755.0,9,9121,1382.0
2248,48,36739,8247.0,639.0,24,13414,1274.0
2249,64,80337,16321.0,718.0,17,17226,1566.0
2250,53,46581,15394.0,721.0,15,21661,1137.0
2251,62,20000,2628.0,632.0,9,7820,1000.0
2252,41,46463,18230.0,716.0,3,6535,1578.0
2253,69,34467,6232.0,659.0,11,3018,1000.0
2254,32,26397,5735.0,580.0,26,9963,1000.0
2255,46,31516,5292.0,744.0,15,8518,1198.0
2256,25,57776,15334.0,637.0,17,5857,1863.0
2257,22,100005,9877.0,633.0,23,19583,2048.0
2258,46,63324,8099.0,658.0,31,11514,1000.0
2259,64,41863,13340.0,695.0,27,2716,1644.0
2260,21,67524,9432.0,677.0,11,22158,2696.0
2261,29,44734,6950.0,710.0,4,20497,1599.0
2262,62,40236,13429.0,606.0,35,13893,1000.0
2263,19,32716,3594.0,639.0,34,16220,1047.0
2264,44,25003,5500.0,674.0,19,1914,1000.0
2265,48,46149,4033.0,784.0,9,12062,1176.0
2266,68,59054,11278.0,674.0,25,21593,1128.0
2267,68,52660,15991.0,740.0,17,21359,1690.0
2268,53,45611,4964.0,682.0,17,19041,1826.0
2269,53,35936,13090.0,653.0,24,15718,1000.0
2270,43,72316,26832.0,666.0,20,28265,2343.0
2271,60,30406,3454.0,671.0,10,1719,1032.0
2272,44,77987,30964.0,713.0,16,32535,2541.0
2273,22,35035,6138.0,756.0,23,15236,1197.0
2274,37,39202,4191.0,700.0,22,23368,1315.0
2275,28,28425,2320.0,745.0,20,11825,1000.0
2276,27,43891,9249.0,627.0,25,18087,1000.0
2277,57,85304,24016.0,657.0,15,26349,2826.0
2278,55,69364,12922.0,640.0,19,36122,1000.0
2279,23,85424,29706.0,697.0,3,51092,2875.0
2280,25,69567,21518.0,660.0,15,32517,2413.0
2281,40,33471,6428.0,720.0,23,12301,1000.0
2282,64,47393,14928.0,629.0,15,2245,1537.0
2283,43,38716,14749.0,682.0,15,16882,1173.0
2284,63,100092,10989.0,718.0,11,42553,2121.0
2285,60,32098,5712.0,580.0,25,14937,
2286,29,82228,18770.0,797.0,22,6145,3521.0
2287,43,82201,19675.0,664.0,24,32242,2196.0
2288,30,125294,31762.0,580.0,6,22231,4197.0
2289,57,45740,8059.0,689.0,17,20865,1000.0
2290,35,75783,22244.0,682.0,16,10930,1144.0
2291,42,153558,43983.0,675.0,16,63018,2336.0
2292,50,41654,11034.0,735.0,14,7373,1601.0
2293,64,27566,3209.0,721.0,16,149,1000.0
2294,57,23602,5491.0,696.0,24,8969,1000.0
2295,60,75797,14704.0,705.0,5,5151,2836.0
2296,29,23569,5589.0,674.0,30,9323,1000.0
2297,61,46516,17443.0,778.0,21,25833,1000.0
2298,53,66962,15654.0,599.0,18,38942,1799.0
2299,65,59779,5050.0,688.0,24,8462,1408.0
2300,21,66605,14682.0,684.0,8,32340,2132.0
2301,22,60786,20826.0,725.0,13,12895,1444.0
2302,54,97790,32233.0,634.0,17,52833,2503.0
2303,25,35830,8753.0,584.0,28,16929,1478.0
2304,59,40556,6486.0,689.0,18,1799,1703.0
2305,66,38847,8889.0,695.0,21,9490,1557.0
2306,45,79911,20808.0,762.0,14,16173,3303.0
2307,48,82476,32987.0,610.0,21,38855,2597.0
2308,26,67382,19280.0,744.0,30,16588,2294.0
2309,68,93682,28307.0,810.0,25,38480,2911.0
2310,46,32369,7680.0,659.0,17,11700,1252.0
2311,31,116464,22528.0,609.0,23,68176,3595.0
2312,57,109157,37129.0,658.0,22,61419,1769.0
2313,58,76582,18255.0,681.0,22,19652,3024.0
2314,39,122626,48842.0,711.0,26,53238,4642.0
2315,28,26098,5905.0,647.0,26,12988,1040.0
2316,40,43438,4420.0,766.0,17,23427,1000.0
2317,18,39506,11790.0,619.0,22,1615,1000.0
2318,63,76096,7223.0,584.0,15,13792,1701.0
2319,54,34287,5491.0,741.0,12,6588,1009.0
2320,38,77340,14942.0,580.0,16,20160,1312.0
2321,43,101908,32268.0,669.0,17,10350,2583.0
2322,63,75202,17910.0,820.0,6,22389,1397.0
2323,53,62491,5572.0,679.0,24,24867,1333.0
2324,40,35261,9781.0,618.0,3,10523,1271.0
2325,18,37572,7952.0,677.0,37,15009,1540.0
2326,68,96511,36190.0,677.0,29,3847,1280.0
2327,57,78104,18734.0,689.0,16,41051,2450.0
2328,32,54043,16584.0,716.0,18,30450,1000.0
2329,38,45571,6837.0,623.0,20,16895,1000.0
2330,64,22103,7151.0,773.0,14,11689,1000.0
2331,26,33969,10554.0,693.0,19,2679,1258.0
2332,70,129992,48007.0,720.0,17,62197,5152.0
2333,26,30911,2807.0,645.0,17,2210,1000.0
2334,27,59895,13369.0,751.0,19,14663,2465.0
2335,69,86547,25733.0,666.0,9,16815,1563.0
2336,70,31269,3454.0,695.0,18,10987,1000.0
2337,43,59767,12634.0,629.0,19,10812,1015.0
2338,58,83881,32000.0,625.0,19,32075,3278.0
2339,52,55310,12140.0,718.0,16,12192,1113.0
2340,69,199959,79050.0,656.0,26,100000,3536.0
2341,42,25958,2549.0,633.0,16,9873,1000.0
2342,43,88567,27430.0,645.0,20,11441,1335.0
2343,28,50885,13532.0,718.0,27,10262,1000.0
2344,55,77843,18696.0,645.0,17,39579,1250.0
2345,19,67082,26207.0,674.0,20,15556,1000.0
2346,24,39544,4804.0,681.0,17,12713,1413.0
2347,35,60970,22359.0,580.0,27,23740,1905.0
2348,44,23838,7180.0,599.0,16,4975,1000.0
2349,51,72153,11752.0,698.0,27,12727,1462.0
2350,44,62897,23180.0,639.0,17,17935,2486.0
2351,34,73312,15936.0,738.0,12,9452,2143.0
2352,60,88543,30154.0,733.0,23,15099,3168.0
2353,61,64894,13266.0,720.0,16,2417,1791.0
2354,68,58790,20712.0,780.0,22,10722,1201.0
2355,41,36998,10497.0,675.0,3,7119,1659.0
2356,42,39918,4995.0,716.0,18,23037,1252.0
2357,24,93819,27010.0,648.0,15,33197,1582.0
2358,69,104971,14825.0,815.0,11,49591,2733.0
2359,23,49412,10466.0,789.0,14,1345,1160.0
2360,70,56150,7552.0,681.0,14,3589,1103.0
2361,41,36608,3187.0,701.0,18,17891,1597.0
2362,50,93230,13780.0,755.0,8,34880,3903.0
2363,66,74200,18672.0,672.0,20,8503,1420.0
2364,46,131747,30842.0,644.0,28,31998,3193.0
2365,60,37043,8908.0,728.0,20,11972,1404.0
2366,39,46397,7389.0,684.0,24,23485,1000.0
2367,43,61037,18265.0,690.0,26,2212,1967.0
2368,45,73571,22466.0,634.0,27,26341,2636.0
2369,67,49913,9711.0,586.0,31,21474,1712.0
2370,38,37133,13441.0,693.0,15,21787,1339.0
2371,66,81775,23395.0,730.0,13,39603,2949.0
2372,24,76084,23447.0,668.0,23,12610,3398.0
2373,34,36416,6145.0,759.0,23,15504,1000.0
2374,37,101219,8117.0,641.0,23,46355,4230.0
2375,58,93123,33237.0,622.0,31,40773,1232.0
2376,66,58426,20050.0,676.0,18,28751,1292.0
2377,37,57006,6808.0,675.0,21,30911,1000.0
2378,39,70574,14095.0,722.0,11,4168,2414.0
2379,45,37321,10884.0,637.0,33,2346,1000.0
2380,57,55748,16093.0,755.0,16,26639,
2381,66,20879,7419.0,788.0,16,3162,1000.0
2382,24,81593,10190.0,678.0,16,2866,1098.0
2383,18,27239,5927.0,749.0,13,6557,1000.0
2384,49,108188,12021.0,622.0,13,53221,4461.0
2385,30,47407,9703.0,739.0,14,3600,1637.0
2386,47,50003,4242.0,738.0,8,20156,1000.0
2387,40,41465,15236.0,727.0,13,90,1704.0
2388,68,48314,12013.0,679.0,32,3181,1784.0
2389,36,104133,36648.0,580.0,23,21921,2615.0
2390,49,20000,1983.0,645.0,24,1003,1000.0
2391,47,97706,14928.0,646.0,26,49590,2784.0
2392,46,64036,10438.0,626.0,31,33199,2651.0
2393,66,31950,6510.0,687.0,6,14484,1000.0
2394,62,33901,11422.0,657.0,9,4932,1000.0
2395,46,116946,23822.0,635.0,12,36715,4832.0
2396,47,35940,5229.0,622.0,15,3972,1000.0
2397,33,32731,3299.0,641.0,16,5524,1403.0
2398,57,91755,9674.0,742.0,15,28408,2082.0
2399,36,64051,20702.0,644.0,20,28247,1886.0
2400,35,36063,8018.0,652.0,18,2048,1000.0
2401,18,60631,18940.0,655.0,13,10793,2581.0
2402,31,34665,10342.0,699.0,3,19273,1300.0
2403,68,90261,11131.0,705.0,11,23240,3909.0
2404,64,88673,11148.0,580.0,14,49951,3128.0
2405,67,69877,22480.0,736.0,16,41566,1304.0
2406,19,64721,20116.0,759.0,10,20452,1474.0
2407,45,121494,24417.0,622.0,15,20997,3490.0
2408,66,54992,5762.0,627.0,10,26092,1801.0
2409,67,32314,2710.0,655.0,17,3089,1402.0
2410,47,67329,11595.0,638.0,10,10182,1703.0
2411,55,140619,11665.0,692.0,12,66221,5053.0
2412,68,34837,5352.0,580.0,9,9064,1551.0
2413,21,46743,10014.0,619.0,17,5652,1000.0
2414,18,66336,7884.0,765.0,12,25916,2737.0
2415,25,53682,6086.0,629.0,24,23602,1424.0
2416,46,35350,12969.0,748.0,21,2653,1305.0
2417,56,91119,24361.0,700.0,18,15143,2031.0
2418,20,156233,59216.0,580.0,12,20742,3692.0
2419,49,60075,11454.0,715.0,21,13692,1000.0
2420,27,36617,10864.0,674.0,23,16773,1643.0
2421,27,27393,3986.0,655.0,19,11730,1085.0
2422,36,61770,17164.0,693.0,29,24554,1000.0
2423,63,90385,10979.0,706.0,21,341,4141.0
2424,51,68112,5494.0,719.0,24,5809,2225.0
2425,50,54941,20773.0,745.0,19,7361,2250.0
2426,40,42189,10866.0,702.0,23,6884,1000.0
2427,45,33645,12671.0,604.0,12,2956,1000.0
2428,49,80076,14960.0,654.0,15,19714,2788.0
2429,67,82974,15341.0,820.0,20,3743,1332.0
2430,24,27433,5712.0,720.0,20,12345,1000.0
2431,46,112478,34411.0,810.0,22,53161,3066.0
2432,25,71212,18591.0,757.0,26,24537,1403.0
2433,18,103250,38834.0,693.0,8,5557,2324.0
2434,20,30065,2650.0,697.0,11,16056,1345.0
2435,41,29747,9121.0,678.0,20,17235,1000.0
2436,40,51434,9552.0,584.0,13,6245,1009.0
2437,25,68964,9495.0,681.0,42,29157,2095.0
2438,64,123433,30035.0,747.0,22,62354,4304.0
2439,54,75571,18259.0,647.0,17,24478,2771.0
2440,20,49310,6107.0,703.0,14,9566,1856.0
2441,68,34656,5011.0,727.0,15,9951,1000.0
2442,50,95663,20148.0,630.0,18,29403,2451.0
2443,45,35631,7512.0,655.0,19,8565,1365.0
2444,64,114451,20786.0,624.0,15,63853,4883.0
2445,25,48393,6172.0,635.0,16,21599,1576.0
2446,51,112516,9159.0,609.0,27,16290,1603.0
2447,52,74653,29150.0,630.0,28,26228,1920.0
2448,49,51712,19750.0,758.0,20,21368,1000.0
2449,41,43537,10221.0,630.0,9,3661,1631.0
2450,31,47178,18796.0,687.0,22,10146,1000.0
2451,49,66691,19712.0,652.0,29,36235,1247.0
2452,63,56943,5810.0,745.0,28,19378,1503.0
2453,60,42103,4954.0,752.0,23,5482,1176.0
2454,33,51050,19050.0,728.0,28,3761,1330.0
2455,21,56980,16047.0,697.0,18,17717,1592.0
2456,69,21103,7382.0,667.0,22,6935,1000.0
2457,54,67593,24837.0,614.0,13,13562,1677.0
2458,38,35391,7904.0,787.0,20,13387,1089.0
2459,31,32731,3127.0,638.0,27,1349,1000.0
2460,48,25740,3610.0,717.0,14,2242,1000.0
2461,65,24535,2485.0,738.0,12,8042,1000.0
2462,35,29886,4196.0,649.0,19,1108,1000.0
2463,24,39976,8450.0,737.0,16,21129,1463.0
2464,27,132463,15607.0,722.0,23,11297,4131.0
2465,24,43410,5789.0,775.0,15,17553,1705.0
2466,50,59580,13266.0,654.0,30,13985,1625.0
2467,40,65861,12438.0,609.0,9,15798,1901.0
2468,38,58341,13398.0,652.0,27,26775,2032.0
2469,36,53116,11544.0,691.0,13,15918,1056.0
2470,65,32119,9194.0,683.0,5,13984,1000.0
2471,36,105663,40141.0,658.0,20,32028,3522.0
2472,53,124036,14204.0,580.0,16,44125,1670.0
2473,46,25794,2883.0,706.0,10,11773,1000.0
2474,35,34692,12243.0,788.0,6,12641,1126.0
2475,19,48493,11738.0,706.0,18,17912,2170.0
2476,18,35634,11590.0,714.0,25,16874,1487.0
2477,64,69063,10286.0,,22,39328,1510.0
2478,22,39631,13682.0,702.0,18,8958,1165.0
2479,37,145709,54733.0,731.0,21,50455,2095.0
2480,28,93980,26630.0,702.0,18,4865,1929.0
2481,59,60521,6892.0,663.0,8,13029,2320.0
2482,19,87311,31999.0,636.0,8,21586,1450.0
2483,20,90467,30179.0,666.0,17,45337,1908.0
2484,40,42673,13667.0,697.0,17,13145,1876.0
2485,29,38093,3495.0,663.0,24,16709,1522.0
2486,37,56968,19122.0,697.0,23,650,2197.0
2487,22,81050,10062.0,704.0,22,22588,3349.0
2488,54,58552,8851.0,726.0,16,31664,2195.0
2489,55,27050,7160.0,751.0,8,3641,1000.0
2490,47,38323,6315.0,684.0,21,725,1139.0
2491,26,53199,15515.0,608.0,22,13834,1453.0
2492,51,53159,14597.0,661.0,3,22468,1216.0
2493,70,133617,15314.0,682.0,12,36434,5385.0
2494,61,29478,8546.0,580.0,13,8136,1000.0
2495,52,69051,25940.0,756.0,19,27750,1002.0
2496,69,107494,14141.0,688.0,12,16407,2329.0
2497,39,152854,41433.0,701.0,18,68958,3076.0
2498,61,45849,8684.0,755.0,17,4212,1929.0
2499,41,68613,15580.0,645.0,17,16292,2338.0
2500,34,71074,12213.0,712.0,13,27975,2216.0
2501,27,60057,11610.0,674.0,14,29850,1765.0
2502,47,52607,4695.0,670.0,10,24984,1798.0
2503,63,66922,26374.0,638.0,21,28978,2520.0
2504,40,20000,5599.0,772.0,22,4309,1000.0
2505,49,74759,17959.0,659.0,13,5486,3273.0
2506,34,58213,11805.0,718.0,29,7574,2623.0
2507,67,49760,12569.0,580.0,16,25820,2273.0
2508,68,138161,27858.0,745.0,29,71070,4810.0
2509,34,40594,7923.0,738.0,14,23177,1769.0
2510,31,45876,10481.0,685.0,4,2092,1192.0
2511,26,134765,22683.0,668.0,21,43406,5546.0
2512,57,37823,5205.0,702.0,20,14721,1619.0
2513,19,42939,11083.0,806.0,18,18309,1831.0
2514,62,51479,18001.0,583.0,14,19887,2069.0
2515,42,80291,10350.0,723.0,18,37095,2092.0
2516,56,60391,5464.0,630.0,14,13025,1075.0
2517,26,30743,4888.0,679.0,16,3310,1000.0
2518,39,43287,17034.0,666.0,24,5313,1648.0
2519,60,41847,14446.0,656.0,19,301,1000.0
2520,63,53122,14379.0,679.0,22,11166,1511.0
2521,21,66617,25139.0,618.0,16,3667,2088.0
2522,43,66389,14771.0,737.0,16,12806,2166.0
2523,46,24733,9761.0,581.0,10,9323,1081.0
2524,62,88775,15519.0,710.0,15,47644,3067.0
2525,51,61620,9668.0,662.0,3,31042,2385.0
2526,40,102552,29143.0,616.0,14,15547,3271.0
2527,54,67170,13502.0,691.0,17,5404,2706.0
2528,28,90281,25318.0,594.0,22,10458,1922.0
2529,23,67849,12050.0,682.0,16,39528,1323.0
2530,35,100800,27996.0,602.0,20,33232,4372.0
2531,38,69571,11705.0,705.0,3,7618,2478.0
2532,59,52629,5069.0,629.0,18,26549,1836.0
2533,53,152922,56869.0,655.0,6,36260,4294.0
2534,58,82056,29756.0,696.0,10,44272,2056.0
2535,55,71202,27815.0,638.0,17,11136,2209.0
2536,51,30969,9578.0,677.0,27,7307,1000.0
2537,34,30802,9193.0,597.0,21,9332,1000.0
2538,54,62744,16243.0,715.0,18,33604,1737.0
2539,42,58722,7064.0,777.0,18,30609,1788.0
2540,55,41720,5864.0,820.0,13,14377,1404.0
2541,29,58602,10116.0,685.0,14,7798,2603.0
2542,40,112417,41015.0,723.0,21,27207,3849.0
2543,70,75209,10180.0,582.0,8,44026,3156.0
2544,59,32913,12353.0,763.0,22,12002,1022.0
2545,39,52308,,723.0,15,24515,1747.0
2546,38,38287,11830.0,653.0,24,10334,1000.0
2547,44,46195,5325.0,748.0,25,14746,1000.0
2548,48,45659,7584.0,666.0,6,11751,1453.0
2549,23,44362,17156.0,655.0,14,18710,1140.0
2550,44,31266,5164.0,706.0,12,15973,1223.0
2551,57,51930,9082.0,622.0,5,15808,1589.0
2552,51,42737,6121.0,736.0,11,12330,1791.0
2553,29,20000,2426.0,622.0,35,4083,1000.0
2554,62,138542,21424.0,622.0,22,14721,2414.0
2555,70,89773,25634.0,630.0,31,50591,2304.0
2556,24,46432,10481.0,722.0,24,8806,1610.0
2557,27,55468,14266.0,646.0,13,26648,1258.0
2558,62,32463,3868.0,606.0,15,13933,1000.0
2559,34,117967,39717.0,647.0,22,55981,4674.0
2560,43,129168,42743.0,678.0,21,72600,5836.0
2561,38,59018,5129.0,615.0,14,22074,2260.0
2562,45,87175,17673.0,617.0,7,46967,2611.0
2563,63,59514,6071.0,796.0,41,5988,1622.0
2564,19,30139,10051.0,633.0,17,11333,1000.0
2565,60,45696,14437.0,662.0,16,21174,1276.0
2566,18,58364,21515.0,660.0,19,9512,1708.0
2567,68,44826,6977.0,657.0,16,19923,1000.0
2568,70,49846,11266.0,714.0,19,23282,2125.0
2569,53,52784,7339.0,732.0,27,26324,1987.0
2570,68,53034,10543.0,663.0,17,9956,1867.0
2571,43,56309,13915.0,612.0,10,23028,2487.0
2572,46,34126,3312.0,750.0,17,6230,1000.0
2573,38,39832,12298.0,675.0,15,17662,1000.0
2574,28,30854,7832.0,775.0,28,8571,1235.0
2575,57,85400,29486.0,580.0,26,30618,3910.0
2576,28,21323,3560.0,691.0,19,5320,1000.0
2577,53,92430,34112.0,786.0,9,8983,1337.0
2578,66,102636,41012.0,661.0,9,10963,3953.0
2579,56,48007,17963.0,668.0,18,2234,1000.0
2580,57,20000,6579.0,696.0,20,7417,1000.0
2581,52,46747,15892.0,649.0,15,23803,1017.0
2582,51,53434,14085.0,663.0,15,668,2298.0
2583,64,34903,4916.0,661.0,14,1387,1000.0
2584,41,43619,12940.0,645.0,18,11973,1852.0
2585,39,109500,33735.0,748.0,3,48468,2460.0
2586,22,74184,29327.0,705.0,10,7020,1885.0
2587,50,36280,9187.0,694.0,14,5913,1599.0
2588,53,26800,4471.0,724.0,26,3731,1000.0
2589,64,47474,14184.0,665.0,12,11367,1509.0
2590,37,49963,19655.0,637.0,19,6745,1272.0
2591,36,68760,9400.0,647.0,20,14547,2634.0
2592,52,43226,7967.0,680.0,27,18895,1000.0
2593,69,69235,17544.0,622.0,27,25382,1874.0
2594,60,131388,17668.0,652.0,18,6400,4703.0
2595,34,79385,6915.0,652.0,15,30376,2069.0
2596,62,53823,10110.0,797.0,13,15407,1000.0
2597,60,50649,18078.0,580.0,16,28401,1824.0
2598,51,46844,4399.0,670.0,15,8131,1371.0
2599,26,93562,20327.0,775.0,22,40765,1205.0
2600,43,41473,13433.0,687.0,21,18187,1365.0
2601,19,56131,21611.0,721.0,22,7460,2423.0
2602,70,56282,22251.0,685.0,27,30501,1000.0
2603,26,43883,9436.0,643.0,31,12933,1413.0
2604,26,29658,11392.0,580.0,19,12081,1091.0
2605,57,63604,5809.0,,26,5566,1000.0
2606,34,53511,17054.0,637.0,16,8277,1000.0
2607,18,68885,19679.0,636.0,26,24224,1927.0
2608,42,43259,6915.0,653.0,25,8280,1682.0
2609,60,95269,23088.0,776.0,25,28563,1701.0
2610,57,37069,4502.0,812.0,19,8318,1497.0
2611,59,118837,42652.0,692.0,13,45673,4086.0
2612,42,25051,4873.0,654.0,8,7322,1000.0
2613,56,66885,18750.0,615.0,18,185,1986.0
2614,52,68120,8911.0,706.0,29,26554,3044.0
2615,20,38449,5613.0,778.0,16,9738,1000.0
2616,67,66574,26458.0,666.0,23,13649,1941.0
2617,54,97819,31399.0,580.0,24,5526,3259.0
2618,61,20283,7866.0,717.0,16,2682,1000.0
2619,61,68963,12046.0,734.0,27,9259,1000.0
2620,68,20000,2653.0,593.0,3,11224,1000.0
2621,47,35616,8583.0,690.0,9,9243,1000.0
2622,55,114487,27282.0,705.0,12,2890,1713.0
2623,51,42331,5756.0,676.0,12,3526,1663.0
2624,29,32430,10203.0,637.0,20,1538,
2625,36,50313,9850.0,736.0,20,17777,
2626,54,139476,19476.0,658.0,21,15618,3755.0
2627,61,24121,4492.0,598.0,22,7215,1000.0
2628,66,34269,8923.0,580.0,11,7609,1000.0
2629,34,107897,33715.0,749.0,9,52042,2510.0
2630,27,126887,29718.0,714.0,21,24400,3251.0
2631,66,52499,13030.0,685.0,14,14435,2301.0
2632,64,31493,3920.0,656.0,7,13629,1000.0
2633,29,141240,52640.0,651.0,25,36724,4102.0
2634,33,112712,42514.0,621.0,28,53643,2332.0
2635,41,74654,22299.0,656.0,29,29638,
2636,36,38159,3268.0,580.0,19,9399,1621.0
2637,25,53800,13550.0,640.0,22,16269,1000.0
2638,48,51171,14397.0,663.0,28,29696,2284.0
2639,38,63830,25423.0,714.0,14,25338,1076.0
2640,34,105666,42133.0,678.0,26,57376,3451.0
2641,40,81701,28958.0,724.0,20,8763,3743.0
2642,54,33869,3401.0,754.0,24,9820,1000.0
2643,33,102182,39345.0,738.0,19,55709,2721.0
2644,23,63323,17480.0,706.0,27,12257,2439.0
2645,25,74927,25197.0,681.0,20,43503,1017.0
2646,42,106408,22378.0,626.0,8,6198,3777.0
2647,35,33352,6080.0,721.0,28,18064,1000.0
2648,42,54120,12352.0,772.0,11,14457,1103.0
2649,29,43301,5499.0,699.0,27,1916,1000.0
2650,32,27161,5276.0,785.0,17,14333,1161.0
2651,43,64287,22786.0,596.0,26,9718,1190.0
2652,58,170295,15692.0,617.0,26,2273,2358.0
2653,62,24030,3083.0,727.0,21,1958,1000.0
2654,43,54207,6507.0,695.0,22,21437,1303.0
2655,64,73375,15334.0,752.0,21,43048,1909.0
2656,49,58132,23197.0,679.0,4,3888,1000.0
2657,27,52270,7081.0,632.0,19,14488,1957.0
2658,33,30652,3879.0,668.0,10,3322,1000.0
2659,24,61074,22769.0,596.0,19,27301,1505.0
2660,34,39126,14174.0,618.0,10,2772,1000.0
2661,40,20530,1854.0,733.0,10,2954,1000.0
2662,43,94151,30180.0,728.0,29,11095,3620.0
2663,38,84657,24529.0,700.0,25,28065,1940.0
2664,39,56294,18334.0,585.0,18,29493,1000.0
2665,24,60972,14526.0,660.0,19,18697,1198.0
2666,31,89191,35430.0,613.0,16,3117,3144.0
2667,32,60842,5721.0,745.0,22,20567,2766.0
2668,70,82611,12805.0,648.0,13,39530,1069.0
2669,24,48109,9953.0,620.0,25,3815,1092.0
2670,26,99258,22227.0,682.0,16,4330,1446.0
2671,68,63541,23818.0,645.0,15,7160,
2672,65,60019,15557.0,762.0,18,26868,1562.0
2673,25,31056,2933.0,640.0,14,11025,1341.0
2674,67,62581,13174.0,603.0,20,20299,1000.0
2675,40,37824,8067.0,580.0,14,5662,1453.0
2676,46,41269,16052.0,678.0,21,8227,1060.0
2677,35,38108,10356.0,649.0,27,22085,1507.0
2678,48,34040,9647.0,601.0,13,4915,1008.0
2679,47,143091,44107.0,745.0,17,77410,1976.0
2680,69,100127,32683.0,717.0,21,34876,4410.0
2681,56,130516,36964.0,678.0,15,9655,1991.0
2682,52,31723,4946.0,755.0,21,8895,1029.0
2683,35,56792,20428.0,716.0,22,32322,2371.0
2684,59,30730,9658.0,635.0,26,7718,1000.0
2685,56,40216,12765.0,623.0,14,20833,1245.0
2686,34,36386,14514.0,725.0,11,5598,1455.0
2687,31,96077,32360.0,702.0,16,32911,4360.0
2688,48,46018,15891.0,689.0,11,23299,1686.0
2689,41,88953,34198.0,633.0,22,49139,1937.0
2690,52,72182,9265.0,713.0,10,21041,2585.0
2691,61,155085,37108.0,638.0,34,59524,5587.0
2692,62,28264,7512.0,674.0,27,51,1013.0
2693,51,96930,17968.0,760.0,18,14727,3972.0
2694,20,92133,32118.0,644.0,24,15407,1420.0
2695,54,35492,11498.0,593.0,7,1991,1000.0
2696,60,86535,26885.0,622.0,36,14522,2930.0
2697,57,63982,25534.0,735.0,14,12328,2834.0
2698,43,49649,8093.0,694.0,17,28859,1392.0
2699,40,37961,11971.0,673.0,5,15228,1690.0
2700,61,39795,10205.0,652.0,21,10172,1742.0
2701,56,138345,24924.0,707.0,10,82015,5893.0
2702,32,55017,7229.0,633.0,19,5058,2356.0
2703,66,78202,28675.0,697.0,14,22337,3319.0
2704,21,38530,10424.0,640.0,10,14959,1535.0
2705,46,38722,13320.0,631.0,12,1291,1381.0
2706,39,89499,22778.0,645.0,20,38502,1192.0
2707,42,29965,4507.0,659.0,9,1796,1000.0
2708,30,45626,8578.0,677.0,13,3840,1000.0
2709,35,55849,11287.0,693.0,23,5351,1000.0
2710,50,57827,22630.0,580.0,36,32229,1000.0
2711,33,50741,4151.0,636.0,21,20801,2190.0
2712,62,65723,25988.0,658.0,12,25846,2276.0
2713,59,75122,29579.0,763.0,15,25038,1720.0
2714,61,76548,30525.0,621.0,18,13448,2981.0
2715,19,35294,8206.0,689.0,16,13148,1016.0
2716,52,48398,18799.0,762.0,24,11910,1000.0
2717,59,94158,19452.0,,20,8215,3953.0
2718,51,82263,7273.0,702.0,24,34037,1957.0
2719,47,29652,4501.0,636.0,16,2305,1061.0
2720,30,64425,24642.0,652.0,27,7370,1429.0
2721,30,22582,1906.0,636.0,17,11079,1000.0
2722,35,56174,14309.0,640.0,11,22249,2231.0
2723,49,129196,13461.0,820.0,33,48913,2290.0
2724,49,35902,6162.0,726.0,5,9009,1618.0
2725,52,37784,4088.0,741.0,13,8984,1000.0
2726,56,77567,27540.0,707.0,14,32125,2350.0
2727,63,27469,7393.0,592.0,36,12196,1182.0
2728,69,41372,15253.0,702.0,31,12665,1821.0
2729,46,71933,21600.0,739.0,28,41833,1456.0
2730,66,41343,16154.0,633.0,16,23707,1000.0
2731,46,49459,12026.0,733.0,35,12239,1813.0
2732,70,76878,21863.0,719.0,21,37853,
2733,61,66488,17581.0,782.0,25,21672,1907.0
2734,33,62017,,657.0,19,19043,2421.0
2735,61,47216,16559.0,620.0,18,1557,
2736,64,64966,18596.0,660.0,16,22373,1219.0
2737,27,52021,,759.0,17,28109,1495.0
2738,47,67582,22413.0,580.0,22,31634,2920.0
2739,42,43979,6207.0,580.0,21,20749,1455.0
2740,56,50662,14593.0,,18,4861,1852.0
2741,37,35228,5069.0,656.0,29,7576,1000.0
2742,22,54140,14437.0,680.0,3,7575,1017.0
2743,18,38183,11332.0,732.0,22,7238,1000.0
2744,47,33315,13297.0,650.0,23,11584,1009.0
2745,66,61789,5547.0,580.0,26,13524,1350.0
2746,20,60526,6609.0,792.0,18,20362,1850.0
2747,62,78228,8186.0,625.0,19,20582,2823.0
2748,31,45301,9399.0,622.0,25,7790,1675.0
2749,47,66086,22661.0,741.0,28,3783,1189.0
2750,67,70470,24671.0,659.0,16,37709,2644.0
2751,21,67187,21220.0,677.0,20,458,2346.0
2752,35,37932,13921.0,707.0,30,38,1000.0
2753,54,58824,10783.0,740.0,3,29181,1000.0
2754,42,64793,7011.0,662.0,13,38752,2206.0
2755,65,55178,5441.0,764.0,28,24072,1395.0
2756,18,21508,7585.0,580.0,26,197,1000.0
2757,70,59119,18548.0,722.0,22,8041,1000.0
2758,63,148855,45186.0,634.0,15,86796,2652.0
2759,32,46773,8826.0,755.0,12,22693,2078.0
2760,26,39634,7989.0,688.0,14,13479,1457.0
2761,32,65062,25153.0,643.0,29,9246,1958.0
2762,66,63301,6357.0,716.0,14,546,2778.0
2763,41,94072,30817.0,729.0,19,1177,3117.0
2764,21,31227,5592.0,715.0,13,11466,1146.0
2765,29,76436,7070.0,623.0,24,1001,1676.0
2766,54,71738,22786.0,653.0,14,42769,2305.0
2767,54,51592,9591.0,680.0,17,5677,1000.0
2768,60,64055,19927.0,678.0,6,27315,1664.0
2769,23,87408,26786.0,721.0,7,8132,1189.0
2770,56,81441,20452.0,,18,26391,1606.0
2771,63,32884,10811.0,698.0,9,1590,1000.0
2772,41,79551,21155.0,664.0,33,36599,2023.0
2773,28,53422,9174.0,634.0,4,18749,2169.0
2774,30,56834,17898.0,639.0,12,2938,1426.0
2775,51,56842,15263.0,668.0,18,28941,2286.0
2776,42,51404,4322.0,580.0,15,16871,1767.0
2777,24,94029,34652.0,641.0,10,51994,2772.0
2778,69,52967,13486.0,632.0,11,29130,1080.0
2779,21,33233,11896.0,709.0,11,18355,1437.0
2780,25,46074,16701.0,636.0,16,2150,1000.0
2781,37,59605,13256.0,668.0,32,4326,2114.0
2782,46,95629,23185.0,765.0,19,56672,3176.0
2783,70,72148,15371.0,735.0,26,21108,1963.0
2784,68,37509,8395.0,730.0,22,5361,1000.0
2785,62,168287,61668.0,653.0,26,77715,4520.0
2786,63,61960,20583.0,710.0,3,9825,2577.0
2787,27,97637,11764.0,667.0,16,42602,3944.0
2788,60,51370,14142.0,669.0,27,25807,2254.0
2789,51,69920,27876.0,703.0,14,32901,1591.0
2790,43,80246,21713.0,647.0,30,13195,2039.0
2791,58,95156,31542.0,762.0,28,22930,1249.0
2792,66,88513,28864.0,671.0,15,21947,3889.0
2793,20,81436,15644.0,,14,24004,1912.0
2794,23,47729,9498.0,760.0,11,4793,1240.0
2795,22,42523,13255.0,737.0,14,11544,1818.0
2796,22,63880,15331.0,603.0,9,19577,1920.0
2797,64,83700,21978.0,704.0,21,26702,2626.0
2798,40,49755,15331.0,,8,24476,1000.0
2799,66,88824,29207.0,729.0,22,27571,2587.0
2800,26,105743,17647.0,619.0,22,14642,4558.0
2801,52,36415,4624.0,644.0,6,14489,1133.0
2802,37,37740,6543.0,735.0,29,18054,1000.0
2803,66,51633,12516.0,638.0,22,9894,1000.0
2804,59,63166,11969.0,664.0,23,24457,1498.0
2805,52,43436,11375.0,767.0,13,3829,1372.0
2806,67,101071,9815.0,677.0,22,20735,1407.0
2807,35,66564,16183.0,640.0,26,36313,2185.0
2808,34,55985,11071.0,632.0,17,30612,1677.0
2809,41,28823,7237.0,698.0,32,9950,1113.0
2810,20,30424,6548.0,607.0,18,12821,1000.0
2811,49,62414,10670.0,666.0,26,31982,2405.0
2812,52,21066,7780.0,698.0,20,12116,1000.0
2813,55,86749,12069.0,751.0,22,25498,2156.0
2814,30,51222,15266.0,717.0,6,17259,2289.0
2815,64,200000,75177.0,641.0,21,49877,3567.0
2816,42,155383,39215.0,745.0,13,6711,4746.0
2817,26,50688,18271.0,664.0,12,12859,1176.0
2818,21,52430,6289.0,612.0,30,24872,1577.0
2819,31,86086,20490.0,671.0,17,41574,2661.0
2820,54,118364,26780.0,759.0,11,63375,1832.0
2821,51,26317,2174.0,689.0,15,813,1000.0
2822,28,24618,5461.0,681.0,9,7786,1000.0
2823,58,41572,8235.0,770.0,28,2680,1586.0
2824,20,71491,21042.0,601.0,13,8611,1110.0
2825,45,68781,26155.0,609.0,22,37151,1541.0
2826,46,89008,9564.0,591.0,27,26531,3041.0
2827,26,32056,5924.0,700.0,14,14590,1000.0
2828,20,20000,4442.0,689.0,22,773,1000.0
2829,42,80918,18260.0,765.0,11,20237,1171.0
2830,51,37888,12425.0,693.0,35,15327,1000.0
2831,29,22176,4921.0,658.0,25,1775,1000.0
2832,59,58710,5207.0,680.0,17,11477,2249.0
2833,26,78591,24146.0,686.0,13,3044,2671.0
2834,32,52061,18906.0,588.0,17,20346,2161.0
2835,57,44759,10941.0,820.0,16,26074,1618.0
2836,42,51194,13615.0,709.0,32,25404,1526.0
2837,22,46552,6151.0,692.0,9,27222,2102.0
2838,28,29985,4516.0,714.0,19,15213,1069.0
2839,51,39874,6191.0,719.0,18,20460,1298.0
2840,41,69540,15148.0,672.0,17,24082,1817.0
2841,32,63567,23965.0,645.0,17,19766,2707.0
2842,55,59321,14651.0,713.0,17,14460,1326.0
2843,25,35146,4972.0,701.0,24,17252,1000.0
2844,22,50686,8371.0,635.0,22,5537,1000.0
2845,65,20649,4189.0,758.0,21,697,1000.0
2846,43,59600,16655.0,696.0,3,33897,1379.0
2847,35,104618,23101.0,720.0,20,237,4188.0
2848,23,28331,5824.0,757.0,6,16605,1000.0
2849,54,42253,11016.0,681.0,23,18478,1000.0
2850,65,63779,10038.0,697.0,28,12571,2474.0
2851,30,96652,10173.0,725.0,12,40467,2833.0
2852,45,44954,3948.0,640.0,16,22060,1330.0
2853,22,40279,6461.0,683.0,14,5930,1000.0
2854,30,22676,2479.0,687.0,27,10488,1000.0
2855,34,57621,10811.0,627.0,19,27809,1332.0
2856,67,137864,45128.0,807.0,30,20626,2156.0
2857,57,62311,19267.0,603.0,21,1567,1408.0
2858,62,54451,15001.0,609.0,20,6669,1979.0
2859,49,63578,22430.0,752.0,18,7654,2188.0
2860,46,54726,9318.0,719.0,24,2142,1027.0
2861,68,38148,13856.0,624.0,6,16617,1000.0
2862,20,79663,16551.0,713.0,19,18162,2751.0
2863,57,60881,12681.0,761.0,18,32305,2134.0
2864,51,55438,11626.0,678.0,23,8388,1370.0
2865,57,35460,3950.0,820.0,17,9643,1439.0
2866,44,98880,38776.0,585.0,11,37912,4460.0
2867,30,74177,9222.0,718.0,18,39053,1436.0
2868,62,42885,8109.0,744.0,10,13499,1361.0
2869,50,86328,15727.0,729.0,5,19347,1094.0
2870,23,43966,4568.0,669.0,23,22872,1595.0
2871,41,38684,4980.0,664.0,22,7201,1018.0
2872,36,39074,3687.0,704.0,21,1862,1000.0
2873,33,24788,4302.0,725.0,27,6619,1000.0
2874,57,68001,24299.0,713.0,13,32032,2688.0
2875,45,24127,4551.0,737.0,8,446,1000.0
2876,50,31644,3784.0,624.0,18,11124,1000.0
2877,65,21614,6195.0,667.0,16,7709,1000.0
2878,58,52911,21107.0,628.0,12,29478,1765.0
2879,30,51403,7934.0,659.0,17,8835,2002.0
2880,60,47481,8046.0,736.0,14,7944,1458.0
2881,62,34404,13452.0,686.0,5,9093,1096.0
2882,42,32454,4453.0,820.0,15,6950,1271.0
2883,70,67782,16511.0,691.0,10,29947,2042.0
2884,59,42931,6727.0,683.0,20,16531,1411.0
2885,53,63415,23993.0,686.0,13,28876,1884.0
2886,44,36928,14553.0,645.0,26,18170,1545.0
2887,55,59669,,677.0,29,33044,1214.0
2888,24,98870,17869.0,742.0,23,25564,2106.0
2889,22,71601,14973.0,686.0,7,42303,1200.0
2890,60,45684,7197.0,636.0,29,5911,1819.0
2891,62,61749,22541.0,629.0,29,26467,1619.0
2892,68,49355,18393.0,655.0,18,15814,1189.0
2893,48,55195,11814.0,684.0,27,27053,2495.0
2894,40,47504,13780.0,746.0,14,13589,2061.0
2895,59,51079,6792.0,606.0,5,24026,2293.0
2896,27,60508,13262.0,662.0,13,33770,1043.0
2897,49,35175,9922.0,688.0,30,15455,1485.0
2898,60,34820,7080.0,580.0,8,16214,1000.0
2899,70,29444,5725.0,634.0,18,1187,1000.0
2900,47,26768,2150.0,643.0,18,3292,1000.0
2901,56,31803,10730.0,636.0,14,18591,1000.0
2902,48,59092,21544.0,691.0,15,24577,1000.0
2903,35,36803,14362.0,671.0,19,12398,1120.0
2904,53,69301,21495.0,649.0,14,15259,2759.0
2905,19,55866,14280.0,704.0,8,1488,1402.0
2906,31,22681,3769.0,775.0,20,5023,1000.0
2907,30,73853,29525.0,770.0,26,22108,1757.0
2908,46,79217,21287.0,580.0,24,10051,3428.0
2909,29,35167,10479.0,712.0,12,3653,1000.0
2910,56,66448,19826.0,670.0,9,20270,1816.0
2911,19,37409,13111.0,689.0,16,13151,1000.0
2912,49,57471,4776.0,658.0,29,8273,2431.0
2913,30,31134,4685.0,686.0,23,10973,1000.0
2914,63,24543,7190.0,688.0,23,13258,1000.0
2915,44,46296,16965.0,648.0,24,13144,1206.0
2916,66,52021,15570.0,631.0,21,26761,2191.0
2917,58,45988,9764.0,655.0,19,25586,1000.0
2918,34,32282,6318.0,693.0,23,1790,1097.0
2919,57,45942,14524.0,713.0,14,2641,1000.0
2920,48,62086,19693.0,727.0,8,17733,2750.0
2921,51,53900,14783.0,653.0,23,19019,1739.0
2922,41,59708,10346.0,696.0,27,15257,1993.0
2923,62,40682,15298.0,733.0,10,7968,1097.0
2924,52,93187,23912.0,744.0,24,35839,2228.0
2925,65,32397,10787.0,677.0,30,40,1000.0
2926,23,68493,10177.0,668.0,18,39784,2235.0
2927,36,93614,17795.0,691.0,12,13036,4149.0
2928,47,68289,24575.0,617.0,19,37577,1673.0
2929,24,50209,4822.0,669.0,14,3284,2106.0
2930,27,43363,10578.0,721.0,14,6195,1000.0
2931,58,87669,20527.0,715.0,21,12355,3832.0
2932,49,28991,9289.0,665.0,7,17328,1000.0
2933,51,35544,6050.0,692.0,8,98,1000.0
2934,45,45990,6903.0,635.0,18,17650,1284.0
2935,32,95993,36128.0,719.0,18,50090,3498.0
2936,47,65250,17157.0,676.0,20,26320,2381.0
2937,54,35577,4038.0,665.0,31,7743,1013.0
2938,46,47832,6781.0,660.0,19,27503,1432.0
2939,39,41716,16671.0,677.0,22,22364,1000.0
2940,21,39962,5698.0,655.0,11,10405,1000.0
2941,37,85442,23527.0,716.0,23,29392,2054.0
2942,49,29667,6362.0,658.0,14,17222,1000.0
2943,53,113441,41224.0,768.0,18,66878,3529.0
2944,67,79841,25681.0,761.0,17,21549,2887.0
2945,21,89857,24353.0,631.0,25,45684,3271.0
2946,44,44657,3726.0,684.0,9,8091,1000.0
2947,34,51411,18587.0,644.0,3,11469,1963.0
2948,29,28859,6415.0,662.0,17,2854,1000.0
2949,39,43434,16423.0,790.0,21,5451,1580.0
2950,34,68681,16385.0,663.0,19,27069,1092.0
2951,27,98550,29777.0,700.0,27,30203,3629.0
2952,18,33419,3415.0,710.0,21,4635,1005.0
2953,39,46659,14858.0,625.0,14,11280,1263.0
2954,43,51380,9668.0,633.0,3,11504,1825.0
2955,35,29348,5648.0,614.0,16,17386,1000.0
2956,67,71768,8466.0,631.0,25,36755,1432.0
2957,31,39707,5043.0,580.0,15,9243,1312.0
2958,64,50371,7024.0,710.0,18,27621,2052.0
2959,46,44878,8304.0,793.0,21,9226,1131.0
2960,29,38557,14090.0,688.0,11,15451,1000.0
2961,53,54826,10847.0,602.0,22,31799,1633.0
2962,52,49914,15563.0,645.0,29,11688,1659.0
2963,69,46525,4954.0,655.0,17,18979,1233.0
2964,29,39628,10666.0,624.0,10,7036,1653.0
2965,24,63505,14873.0,727.0,18,10147,1902.0
2966,46,115753,45485.0,725.0,3,39876,1585.0
2967,28,58574,20547.0,616.0,20,34416,1168.0
2968,50,86107,19421.0,720.0,21,23411,2370.0
2969,23,29422,9652.0,764.0,30,16552,1052.0
2970,64,59047,8371.0,785.0,17,32394,1171.0
2971,32,33566,8725.0,820.0,21,5111,1512.0
2972,49,28296,2939.0,630.0,12,6822,1000.0
2973,68,39434,7547.0,820.0,16,15221,1193.0
2974,28,94037,14320.0,661.0,7,29229,1235.0
2975,40,84339,26149.0,647.0,17,4856,3542.0
2976,43,61356,14531.0,698.0,16,36582,2380.0
2977,51,27595,8840.0,648.0,20,12462,1000.0
2978,63,50350,12330.0,702.0,14,13223,2196.0
2979,51,62998,6783.0,607.0,19,23366,1451.0
2980,46,59521,18768.0,667.0,16,3127,2117.0
2981,21,23990,8316.0,751.0,16,7129,1000.0
2982,34,36844,13600.0,677.0,19,20577,1370.0
2983,52,53437,14056.0,688.0,18,28747,2302.0
2984,30,70012,22484.0,706.0,23,14172,2892.0
2985,58,20472,6564.0,744.0,17,6527,1000.0
2986,56,51130,6639.0,589.0,16,21394,1000.0
2987,32,58657,7775.0,712.0,17,11966,1329.0
2988,46,80613,8278.0,665.0,13,3138,2717.0
2989,46,75122,13700.0,689.0,15,22782,2775.0
2990,28,71485,16550.0,738.0,32,25805,2167.0
2991,69,38373,15323.0,614.0,12,134,1000.0
2992,49,23306,5079.0,,16,1336,1000.0
2993,19,46084,14397.0,580.0,15,5732,2052.0
2994,64,86321,26059.0,650.0,16,18027,2246.0
2995,31,102965,14975.0,753.0,16,33426,2059.0
2996,37,75723,7476.0,673.0,20,13350,1000.0
2997,39,66722,16996.0,606.0,6,11057,1362.0
2998,28,65246,19841.0,653.0,25,34033,2338.0
2999,44,42823,17105.0,598.0,22,3727,1837.0
3000,20,51873,10103.0,618.0,9,15421,1000.0
3001,34,116561,42759.0,701.0,3,66637,3607.0
3002,61,35988,7277.0,615.0,11,13496,1284.0
3003,45,113748,34194.0,741.0,16,48948,2470.0
3004,46,47580,12915.0,676.0,36,12311,1499.0
3005,38,99861,9682.0,685.0,22,1194,3629.0
3006,64,29203,3069.0,665.0,5,11321,1181.0
3007,33,71592,6203.0,723.0,13,27144,1975.0
3008,54,39480,7843.0,723.0,18,2616,1478.0
3009,37,29092,9270.0,698.0,20,8067,1000.0
3010,23,60684,8209.0,711.0,9,33327,1190.0
3011,36,86626,23725.0,668.0,17,10659,1624.0
3012,22,37604,6484.0,710.0,13,10403,1000.0
3013,20,28016,9386.0,661.0,10,7751,1000.0
3014,18,52773,17705.0,680.0,20,25672,1157.0
3015,55,52878,17351.0,665.0,23,26161,1811.0
3016,32,70392,17453.0,655.0,24,32068,
3017,51,84323,14424.0,642.0,22,18490,1261.0
3018,52,53549,18154.0,706.0,15,2315,1182.0
3019,66,126762,17690.0,752.0,23,26581,3991.0
3020,42,60839,10508.0,744.0,20,24815,1407.0
3021,41,47061,6535.0,611.0,19,19843,1244.0
3022,29,26632,7876.0,751.0,14,15420,1000.0
3023,35,48869,14641.0,663.0,15,13301,1000.0
3024,32,47274,13653.0,713.0,19,17939,1026.0
3025,61,84730,18047.0,630.0,35,27411,1461.0
3026,33,67725,7589.0,688.0,20,6120,1135.0
3027,44,32350,12020.0,697.0,14,8952,1439.0
3028,25,59433,14411.0,598.0,12,19429,1489.0
3029,63,74405,15642.0,713.0,15,42444,2237.0
3030,42,109393,29364.0,754.0,33,24058,4043.0
3031,34,81999,11619.0,670.0,15,48220,1155.0
3032,46,77456,9482.0,755.0,24,25203,1590.0
3033,70,56507,11853.0,670.0,15,8221,2274.0
3034,25,65502,10003.0,727.0,20,7533,2701.0
3035,32,96507,15265.0,580.0,24,8205,2406.0
3036,44,30192,11038.0,813.0,14,8205,1000.0
3037,63,46997,11742.0,762.0,14,618,1773.0
3038,67,38849,9118.0,664.0,30,10374,1000.0
3039,69,65232,19611.0,580.0,25,38685,1070.0
3040,24,95673,36786.0,696.0,24,38467,2017.0
3041,20,42043,4873.0,601.0,24,19166,1068.0
3042,46,20000,6935.0,,21,1428,1000.0
3043,61,45688,12193.0,703.0,32,12969,1300.0
3044,70,82963,10517.0,628.0,18,14248,3083.0
3045,41,70054,12266.0,742.0,22,37581,2075.0
3046,20,66687,15628.0,724.0,8,7254,1000.0
3047,37,48489,14604.0,734.0,12,13346,1318.0
3048,63,30931,4876.0,680.0,10,10913,1118.0
3049,32,69353,17419.0,602.0,27,21390,1001.0
3050,42,37785,11301.0,734.0,3,18822,1000.0
3051,47,146962,32860.0,665.0,15,20409,3653.0
3052,31,71098,25323.0,604.0,3,16099,1351.0
3053,24,42353,15172.0,754.0,12,20128,1849.0
3054,34,41771,9633.0,795.0,15,13235,1332.0
3055,61,52747,20642.0,678.0,28,12726,1165.0
3056,37,49381,5145.0,799.0,21,872,1777.0
3057,53,90913,7371.0,685.0,12,41096,2273.0
3058,26,59813,12071.0,659.0,25,34889,1011.0
3059,55,39571,10777.0,645.0,18,14727,1000.0
3060,65,128770,36229.0,770.0,18,66178,4369.0
3061,39,56234,13072.0,637.0,10,17440,1000.0
3062,70,77735,9325.0,720.0,11,10806,1678.0
3063,70,41831,5629.0,649.0,12,362,1000.0
3064,19,64763,22841.0,655.0,18,25390,1244.0
3065,41,63265,22632.0,737.0,19,18718,2231.0
3066,25,23500,6948.0,659.0,29,11028,1000.0
3067,28,136211,39848.0,658.0,21,56774,4953.0
3068,30,98310,26667.0,742.0,3,58275,3345.0
3069,34,45998,6667.0,768.0,20,14084,1980.0
3070,25,33492,7269.0,715.0,8,8584,1000.0
3071,38,64311,19466.0,644.0,11,11064,1163.0
3072,35,57188,14407.0,652.0,12,16362,1505.0
3073,47,64546,5547.0,684.0,13,33804,1608.0
3074,35,59952,23090.0,698.0,8,1527,1585.0
3075,63,69071,24198.0,626.0,19,40527,1339.0
3076,64,105490,17234.0,720.0,8,62870,1844.0
3077,48,71021,19692.0,685.0,20,25475,2093.0
3078,55,34295,12876.0,586.0,34,6822,1490.0
3079,49,101543,11243.0,629.0,9,13589,2596.0
3080,28,115078,27730.0,652.0,16,19091,1605.0
3081,62,200000,45200.0,676.0,3,6013,7208.0
3082,42,33174,7009.0,784.0,16,9457,1000.0
3083,50,61352,21313.0,693.0,22,2110,1268.0
3084,55,21550,4349.0,634.0,23,9290,1000.0
3085,58,70545,7081.0,692.0,19,15743,2584.0
3086,25,42976,4344.0,661.0,24,5141,1710.0
3087,28,130697,12243.0,698.0,36,42726,4196.0
3088,39,38813,8187.0,712.0,30,22677,1000.0
3089,68,25718,7970.0,747.0,14,10726,1000.0
3090,41,44490,6460.0,679.0,8,13127,1000.0
3091,58,22609,6486.0,,15,10539,1000.0
3092,34,77117,23125.0,730.0,11,34123,2604.0
3093,29,21716,3511.0,641.0,21,11619,1000.0
3094,63,55709,15163.0,802.0,10,6841,1926.0
3095,49,21592,6459.0,698.0,17,11127,1000.0
3096,32,47617,10919.0,634.0,24,8600,2139.0
3097,33,115221,21633.0,771.0,17,65054,4586.0
3098,39,64691,17992.0,794.0,11,10909,1178.0
3099,45,37291,14652.0,678.0,26,20738,1361.0
3100,37,54233,11746.0,652.0,5,31362,1556.0
3101,50,55448,11387.0,671.0,16,4840,1039.0
3102,27,68035,15550.0,719.0,18,39780,2435.0
3103,57,29733,3104.0,750.0,18,1529,1000.0
3104,49,71807,18455.0,711.0,19,9417,1000.0
3105,67,20000,3704.0,686.0,22,5330,1000.0
3106,50,41425,4924.0,762.0,18,24696,1395.0
3107,19,44151,10120.0,663.0,15,12942,1000.0
3108,50,73137,5930.0,737.0,15,24153,1765.0
3109,50,55563,11589.0,664.0,14,23151,1780.0
3110,58,29219,3326.0,704.0,24,16976,1000.0
3111,30,35307,3099.0,674.0,13,16595,1445.0
3112,47,60144,20679.0,677.0,24,8089,1000.0
3113,50,53077,19808.0,659.0,18,9649,1000.0
3114,30,42382,6207.0,754.0,14,2483,1000.0
3115,69,44299,11189.0,640.0,22,17129,1334.0
3116,43,75234,12711.0,639.0,13,8159,2496.0
3117,39,43570,10367.0,797.0,22,6729,1131.0
3118,56,52862,11615.0,734.0,19,28168,1169.0
3119,19,146029,24255.0,580.0,14,28629,5765.0
3120,55,28982,8814.0,649.0,22,9854,1000.0
3121,56,23903,2880.0,580.0,22,5702,1000.0
3122,43,78253,7589.0,628.0,26,3476,1080.0
3123,63,40526,13198.0,580.0,25,8823,1000.0
3124,67,47662,13970.0,672.0,21,11670,1157.0
3125,32,38699,9270.0,617.0,10,20798,1000.0
3126,51,48932,11239.0,683.0,35,9526,1049.0
3127,59,112920,27007.0,591.0,8,25694,4502.0
3128,61,78909,17348.0,685.0,25,37067,1415.0
3129,66,81072,16679.0,657.0,21,36918,3122.0
3130,57,29079,6976.0,763.0,10,13928,1018.0
3131,28,32763,8162.0,758.0,17,18749,1000.0
3132,20,20000,6028.0,723.0,17,9547,1000.0
3133,23,38211,11753.0,662.0,27,9345,1044.0
3134,26,84593,16990.0,789.0,13,41696,1419.0
3135,23,69405,14737.0,595.0,16,21183,2966.0
3136,26,49782,9936.0,603.0,3,8295,1567.0
3137,56,54451,13705.0,675.0,30,9896,2278.0
3138,48,40340,9079.0,804.0,11,5418,1612.0
3139,49,60309,21993.0,669.0,20,5247,1000.0
3140,58,77632,23510.0,670.0,17,8593,1507.0
3141,67,26581,9770.0,601.0,17,1008,1000.0
3142,29,62940,19318.0,732.0,24,33551,2530.0
3143,25,83674,32693.0,732.0,30,46741,3451.0
3144,25,45629,12933.0,723.0,20,16064,1373.0
3145,67,75388,29276.0,645.0,23,38018,1204.0
3146,45,195181,25493.0,641.0,20,21498,3322.0
3147,37,52477,5079.0,609.0,25,28390,2079.0
3148,64,65649,17418.0,685.0,15,19945,2854.0
3149,24,39457,15574.0,621.0,26,1590,1000.0
3150,28,59674,12748.0,615.0,26,5060,1000.0
3151,37,67657,10003.0,657.0,26,12543,1592.0
3152,33,60040,14823.0,653.0,13,1569,1000.0
3153,21,34760,9998.0,650.0,17,6451,1394.0
3154,23,60352,10915.0,706.0,20,2170,1743.0
3155,39,106200,32787.0,684.0,8,15040,3600.0
3156,43,67304,26386.0,664.0,29,10728,1764.0
3157,20,84794,31122.0,690.0,18,50590,2036.0
3158,58,49436,8568.0,625.0,20,6987,1000.0
3159,59,77076,14224.0,686.0,14,11061,2943.0
3160,31,62365,12404.0,688.0,9,25699,2225.0
3161,28,35853,7395.0,597.0,14,18486,1000.0
3162,35,63476,7116.0,735.0,20,14741,1473.0
3163,29,35201,11399.0,632.0,23,18494,1000.0
3164,40,41369,8146.0,685.0,19,8443,1000.0
3165,29,59891,21653.0,744.0,20,7080,1993.0
3166,30,62872,23679.0,731.0,16,12435,1864.0
3167,42,32207,2828.0,682.0,21,11775,1000.0
3168,62,88378,35026.0,660.0,28,19468,3542.0
3169,68,71146,21857.0,732.0,23,28724,2084.0
3170,36,40053,9874.0,717.0,24,5694,1014.0
3171,63,27534,5635.0,646.0,20,11581,1000.0
3172,53,51528,12672.0,636.0,7,10742,2054.0
3173,62,45000,8275.0,580.0,11,12308,1427.0
3174,25,57873,16162.0,688.0,21,19367,1000.0
3175,46,46709,5126.0,675.0,18,19232,1594.0
3176,70,22286,6212.0,,21,3192,1000.0
3177,49,46181,7764.0,700.0,30,23163,1826.0
3178,68,47933,4105.0,753.0,23,20760,2067.0
3179,61,73148,18789.0,642.0,27,10274,2378.0
3180,35,40171,10649.0,743.0,19,23499,1482.0
3181,23,117066,25345.0,651.0,12,46695,1684.0
3182,35,23268,2400.0,723.0,18,6316,1000.0
3183,36,99222,36302.0,600.0,12,9378,3738.0
3184,39,49719,13705.0,693.0,29,15907,1445.0
3185,54,80975,9476.0,580.0,24,8006,2614.0
3186,49,57011,13882.0,665.0,22,14691,2421.0
3187,58,91848,21963.0,704.0,27,22524,1755.0
3188,20,46202,4589.0,651.0,4,19958,1000.0
3189,45,33547,9198.0,622.0,22,3872,1192.0
3190,27,104226,35298.0,727.0,9,51396,4162.0
3191,68,52262,16707.0,674.0,18,10227,2135.0
3192,52,60766,8808.0,653.0,16,16188,2059.0
3193,46,95868,34123.0,682.0,23,44426,3861.0
3194,32,34569,6555.0,820.0,20,12972,1239.0
3195,50,71902,27530.0,743.0,27,13289,1108.0
3196,24,42177,4343.0,744.0,14,9773,1599.0
3197,29,51824,12209.0,704.0,23,9508,1000.0
3198,66,56818,15402.0,689.0,19,20276,1158.0
3199,47,28001,4459.0,580.0,7,5588,1000.0
3200,38,38739,12662.0,643.0,12,16868,1000.0
3201,48,101020,28347.0,654.0,17,35142,2346.0
3202,41,81951,7031.0,580.0,26,7164,1487.0
3203,37,53471,14687.0,616.0,21,9954,1192.0
3204,54,61359,14559.0,580.0,10,8153,1000.0
3205,21,48179,6877.0,678.0,17,11283,1362.0
3206,45,101271,40371.0,725.0,32,31353,3860.0
3207,61,50258,18449.0,741.0,19,15281,2073.0
3208,37,61048,10598.0,703.0,16,27637,2433.0
3209,41,92116,23318.0,627.0,21,10455,2430.0
3210,67,38765,7027.0,580.0,23,22014,1428.0
3211,66,110918,36399.0,583.0,15,22817,2451.0
3212,68,27622,10433.0,610.0,22,4976,1000.0
3213,49,114511,22310.0,631.0,16,47076,4012.0
3214,58,46508,15710.0,671.0,23,22478,1587.0
3215,53,49310,11809.0,624.0,19,11197,1934.0
3216,70,23496,4861.0,,21,10529,1000.0
3217,51,44821,17045.0,667.0,13,23766,1000.0
3218,53,34447,8382.0,681.0,12,15848,1410.0
3219,19,41842,9606.0,743.0,25,859,1398.0
3220,32,51704,15262.0,615.0,17,25667,2038.0
3221,51,84634,13846.0,703.0,20,39328,3242.0
3222,53,60386,11107.0,679.0,16,24249,1354.0
3223,23,63167,23893.0,662.0,24,28805,
3224,56,33594,9982.0,729.0,14,19742,1000.0
3225,59,37003,12748.0,728.0,17,9571,1000.0
3226,68,123564,20605.0,628.0,24,4984,2547.0
3227,68,39508,10036.0,670.0,26,10925,1099.0
3228,29,115888,45294.0,695.0,14,3229,4952.0
3229,20,49302,8972.0,665.0,32,8704,2049.0
3230,62,55057,7232.0,712.0,20,19387,2007.0
3231,35,89032,21678.0,695.0,11,16540,1184.0
3232,57,97484,19897.0,781.0,21,40089,2328.0
3233,38,52325,6858.0,596.0,15,25806,1844.0
3234,32,46184,16827.0,673.0,21,11651,1000.0
3235,50,53633,21294.0,630.0,18,28966,2103.0
3236,52,64034,16773.0,713.0,19,3067,2753.0
3237,43,82140,26933.0,591.0,12,41404,1996.0
3238,25,55105,19556.0,699.0,25,27395,1985.0
3239,53,72663,22112.0,645.0,10,14038,1267.0
3240,65,114961,10821.0,640.0,10,20604,4084.0
3241,47,65295,8517.0,600.0,21,11953,1000.0
3242,40,63280,6500.0,654.0,29,30807,1109.0
3243,59,27766,2309.0,740.0,16,13855,1004.0
3244,61,20000,3558.0,679.0,23,3957,1000.0
3245,31,65503,13464.0,715.0,26,23290,2219.0
3246,31,52702,8281.0,772.0,24,4393,1497.0
3247,19,43627,4392.0,695.0,16,12271,1527.0
3248,54,61370,15315.0,649.0,10,36778,2350.0
3249,22,53525,8963.0,706.0,3,5101,2393.0
3250,55,91362,30582.0,650.0,16,51943,3848.0
3251,62,57173,4721.0,652.0,26,28275,2229.0
3252,58,39300,13740.0,596.0,10,22925,1401.0
3253,64,85876,33107.0,731.0,23,9253,2717.0
3254,31,49880,15421.0,659.0,11,6390,1000.0
3255,56,69705,21941.0,690.0,19,705,1256.0
3256,42,44367,16804.0,623.0,23,19292,1768.0
3257,37,41055,6031.0,704.0,13,15866,1613.0
3258,19,57123,22750.0,638.0,19,6103,1884.0
3259,56,55318,18117.0,672.0,15,26259,1501.0
3260,23,68255,21330.0,728.0,23,12253,1000.0
3261,34,48737,9530.0,723.0,20,3948,1141.0
3262,42,24070,6129.0,679.0,18,6103,1000.0
3263,45,45267,13094.0,583.0,29,2471,1299.0
3264,19,78614,21895.0,820.0,23,12417,3418.0
3265,52,48111,14702.0,776.0,13,10719,1000.0
3266,54,49228,5236.0,720.0,17,25161,1467.0
3267,22,85730,16615.0,639.0,17,40767,2123.0
3268,18,39923,8738.0,674.0,19,10606,1817.0
3269,57,27469,4488.0,650.0,36,11942,1133.0
3270,29,51165,6920.0,750.0,21,17457,1388.0
3271,53,44232,5505.0,694.0,4,9046,2027.0
3272,62,35606,7023.0,637.0,14,15507,1055.0
3273,40,50826,12092.0,654.0,4,20844,1000.0
3274,64,68615,6872.0,742.0,16,25487,2129.0
3275,48,54771,20970.0,768.0,4,20308,1098.0
3276,28,63148,20515.0,764.0,12,25877,2129.0
3277,27,124383,39040.0,722.0,7,28699,5442.0
3278,20,47136,6378.0,666.0,21,24579,1824.0
3279,31,62339,17032.0,580.0,18,6071,1347.0
3280,33,43737,10913.0,696.0,20,23195,1000.0
3281,27,37580,14821.0,680.0,17,7718,1000.0
3282,46,42272,13496.0,688.0,8,3171,1000.0
3283,27,44340,11717.0,683.0,22,15963,1000.0
3284,29,64657,22776.0,607.0,31,14586,1885.0
3285,47,158288,20519.0,711.0,21,77450,5716.0
3286,58,39850,3382.0,715.0,15,10300,1496.0
3287,18,45597,13719.0,718.0,8,18291,1000.0
3288,22,53460,5959.0,732.0,12,9888,1274.0
3289,37,65723,7686.0,713.0,21,8260,1453.0
3290,25,61925,19711.0,657.0,26,14418,1000.0
3291,60,98020,16327.0,676.0,20,35688,2410.0
3292,29,20000,5623.0,685.0,24,7883,1000.0
3293,18,20000,7471.0,686.0,23,6938,1000.0
3294,37,44000,7976.0,735.0,22,26085,1846.0
3295,45,90118,13471.0,715.0,13,37368,2493.0
3296,60,27188,3102.0,794.0,19,15196,1017.0
3297,54,20000,2435.0,801.0,12,1415,1000.0
3298,64,71120,7106.0,684.0,18,2619,3011.0
3299,54,61374,6631.0,580.0,20,11452,1079.0
3300,29,33674,7349.0,748.0,30,2760,1000.0
3301,54,35298,6448.0,650.0,9,11137,1000.0
3302,66,35550,10882.0,636.0,21,11070,1000.0
3303,66,57805,20722.0,658.0,28,19944,1787.0
3304,61,41492,13739.0,655.0,23,18553,1885.0
3305,45,68694,17160.0,714.0,24,40035,2675.0
3306,64,20000,2256.0,594.0,22,10539,1000.0
3307,32,37403,11487.0,621.0,27,2656,1185.0
3308,23,33136,6498.0,699.0,10,6730,1103.0
3309,61,49008,5264.0,714.0,8,7522,1957.0
3310,37,43173,15093.0,715.0,18,4580,1599.0
3311,67,78757,14824.0,637.0,3,25741,2479.0
3312,31,23823,3570.0,626.0,27,7908,1000.0
3313,19,56138,20146.0,652.0,27,7654,2098.0
3314,26,70710,26070.0,693.0,15,30203,1198.0
3315,54,126827,23903.0,762.0,15,55772,2433.0
3316,37,44280,8570.0,580.0,17,557,1570.0
3317,43,63646,16897.0,668.0,18,15113,2600.0
3318,46,24425,7687.0,607.0,19,13045,1000.0
3319,18,20000,2004.0,589.0,22,6244,1000.0
3320,52,80438,21708.0,733.0,17,16777,1585.0
3321,23,54863,21117.0,710.0,25,8350,1448.0
3322,54,93472,15317.0,705.0,21,13648,2348.0
3323,70,29645,10993.0,731.0,14,1775,1290.0
3324,22,69497,26691.0,654.0,27,34077,1530.0
3325,50,127524,21185.0,656.0,8,6631,3595.0
3326,66,66433,21348.0,800.0,17,11651,1245.0
3327,68,62290,9743.0,666.0,25,1707,1861.0
3328,31,55212,17449.0,720.0,13,25885,2268.0
3329,29,27124,9091.0,680.0,20,639,1000.0
3330,59,101225,16105.0,580.0,22,18725,4001.0
3331,37,41781,12914.0,580.0,12,14372,1791.0
3332,70,69017,23457.0,648.0,17,16960,1031.0
3333,67,27220,5301.0,738.0,17,4610,1027.0
3334,41,32349,4324.0,723.0,14,5341,1000.0
3335,60,104912,11480.0,730.0,34,50219,1925.0
3336,51,47042,12425.0,626.0,13,27491,1531.0
3337,42,105774,41568.0,769.0,25,22088,3810.0
3338,67,53097,18231.0,627.0,15,1247,1362.0
3339,46,24010,5269.0,692.0,10,527,1000.0
3340,56,82168,20683.0,679.0,19,37430,3516.0
3341,48,42177,7147.0,670.0,23,13978,1555.0
3342,64,75320,9956.0,754.0,24,35412,1624.0
3343,60,55628,13032.0,641.0,29,23280,1617.0
3344,67,27465,6271.0,606.0,39,14955,1000.0
3345,40,59220,14628.0,681.0,20,31475,1410.0
3346,61,147767,56875.0,658.0,13,69893,4421.0
3347,55,68661,18761.0,820.0,21,19576,2042.0
3348,37,53595,14677.0,717.0,16,9908,1042.0
3349,40,89232,10794.0,657.0,24,27146,3426.0
3350,62,60469,24120.0,622.0,9,18216,1358.0
3351,69,60438,19782.0,580.0,35,22130,1925.0
3352,33,33653,12139.0,624.0,24,3758,1000.0
3353,67,61103,12989.0,686.0,6,24036,1630.0
3354,59,87644,21094.0,759.0,13,24011,1702.0
3355,25,37755,9328.0,742.0,24,14050,1269.0
3356,67,104413,14838.0,693.0,26,15011,2786.0
3357,38,52776,15866.0,662.0,9,13755,1000.0
3358,18,36886,13609.0,695.0,23,4652,1000.0
3359,25,86165,11407.0,651.0,4,45252,2430.0
3360,46,48341,5203.0,775.0,17,14153,1000.0
3361,49,77410,24479.0,670.0,26,10449,2477.0
3362,55,48233,8075.0,675.0,14,1193,1259.0
3363,22,53539,14971.0,580.0,7,21707,1837.0
3364,64,68678,20785.0,669.0,19,8845,3039.0
3365,39,62692,11473.0,726.0,14,37223,1889.0
3366,64,22406,7637.0,621.0,22,7175,1000.0
3367,51,33207,8501.0,639.0,12,5758,1249.0
3368,18,83560,29921.0,724.0,13,32973,3612.0
3369,43,51825,16804.0,599.0,4,8558,1018.0
3370,60,43452,15553.0,738.0,19,21386,1741.0
3371,27,29844,2580.0,651.0,17,5519,1274.0
3372,47,33834,5343.0,659.0,10,20062,1000.0
3373,67,22143,2409.0,618.0,19,8040,1000.0
3374,35,52550,11638.0,701.0,25,26624,2325.0
3375,34,42015,15327.0,815.0,16,1836,1404.0
3376,43,35601,8174.0,723.0,20,7440,1000.0
3377,25,53340,18771.0,632.0,20,23603,2075.0
3378,64,64788,11966.0,742.0,10,25464,1467.0
3379,57,141072,26615.0,663.0,32,16441,2593.0
3380,66,27854,10211.0,756.0,15,5953,1000.0
3381,29,92671,20041.0,724.0,23,14648,2907.0
3382,44,85219,28354.0,580.0,23,31362,3411.0
3383,25,38735,6032.0,625.0,17,8008,1074.0
3384,42,60267,23119.0,732.0,22,11175,2390.0
3385,63,44764,11812.0,688.0,20,5570,1024.0
3386,21,59793,19312.0,624.0,8,14674,1894.0
3387,50,108467,11784.0,645.0,16,12723,2110.0
3388,18,72230,17166.0,580.0,14,41716,1831.0
3389,36,69145,25468.0,675.0,15,6410,2841.0
3390,48,45318,16344.0,802.0,9,24833,1000.0
3391,33,28205,2679.0,724.0,26,7251,1114.0
3392,31,50075,8872.0,800.0,29,11353,1098.0
3393,70,94661,21002.0,729.0,25,13138,1292.0
3394,65,27663,3738.0,737.0,27,10552,1000.0
3395,22,34211,10729.0,789.0,16,14072,1278.0
3396,58,58216,8095.0,701.0,14,16332,1236.0
3397,43,35313,6742.0,670.0,13,1180,1211.0
3398,45,38502,11252.0,737.0,23,21219,1379.0
3399,19,45455,10649.0,760.0,20,26737,1091.0
3400,67,29749,9411.0,654.0,17,7694,1000.0
3401,23,35480,13752.0,640.0,27,13064,1000.0
3402,26,75481,8854.0,688.0,21,20393,3327.0
3403,50,30539,9377.0,726.0,12,5898,1000.0
3404,58,26797,4119.0,724.0,13,1243,1000.0
3405,42,41422,8808.0,602.0,23,11335,1023.0
3406,65,76456,6920.0,785.0,25,37542,2662.0
3407,30,50336,6216.0,645.0,22,514,1799.0
3408,26,44624,8136.0,665.0,31,15586,1932.0
3409,70,56109,10629.0,630.0,29,29652,2351.0
3410,30,25072,9223.0,820.0,21,3273,1000.0
3411,48,68714,21808.0,693.0,12,7555,1901.0
3412,58,65358,25561.0,633.0,9,30285,2445.0
3413,28,45748,12430.0,728.0,15,7002,1970.0
3414,21,86487,13609.0,722.0,23,9962,2053.0
3415,51,33114,6121.0,670.0,31,7510,1000.0
3416,55,91368,16661.0,726.0,21,21517,3882.0
3417,63,58960,10877.0,635.0,26,30922,1442.0
3418,21,47270,13961.0,653.0,16,17540,1348.0
3419,55,54510,13620.0,580.0,22,13277,2325.0
3420,36,52408,10656.0,607.0,24,16804,2057.0
3421,23,95246,12164.0,779.0,4,54517,1963.0
3422,51,33880,2950.0,770.0,15,2301,1000.0
3423,35,39025,5855.0,684.0,25,4864,1000.0
3424,30,87678,10030.0,771.0,20,50636,3764.0
3425,58,42070,13940.0,671.0,10,24165,1927.0
3426,40,82481,9568.0,667.0,3,8768,3159.0
3427,36,118165,36838.0,683.0,15,10288,3385.0
3428,62,45903,9337.0,673.0,17,11597,1000.0
3429,28,74735,7734.0,668.0,12,2229,2672.0
3430,18,32726,11129.0,743.0,19,12859,1000.0
3431,41,77244,20507.0,688.0,22,3592,2595.0
3432,24,60164,9352.0,719.0,23,2095,1969.0
3433,42,68047,24925.0,737.0,3,19809,1941.0
3434,38,41134,3886.0,701.0,9,23639,1809.0
3435,32,26046,3766.0,627.0,16,6670,1000.0
3436,18,68979,22118.0,606.0,22,14754,2500.0
3437,29,21732,6672.0,688.0,21,13013,1000.0
3438,24,47681,8228.0,671.0,21,15219,1730.0
3439,32,84004,8388.0,685.0,15,18913,2941.0
3440,38,59961,21261.0,679.0,16,13882,1000.0
3441,36,132170,23841.0,820.0,13,15461,2909.0
3442,46,87237,12442.0,607.0,23,26811,1640.0
3443,42,40980,10046.0,580.0,12,10791,1000.0
3444,50,55680,20672.0,698.0,24,9047,2048.0
3445,66,53840,5057.0,659.0,19,5186,1103.0
3446,49,26987,8772.0,697.0,18,5040,1000.0
3447,66,36023,9481.0,712.0,13,10995,1000.0
3448,52,42734,9237.0,751.0,9,1496,1361.0
3449,61,22000,6998.0,597.0,13,2029,1000.0
3450,55,56188,21861.0,649.0,16,31948,1322.0
3451,43,49168,7540.0,704.0,3,16015,1603.0
3452,28,25907,3263.0,722.0,17,986,1036.0
3453,52,65972,24550.0,801.0,24,27435,1032.0
3454,25,75904,22321.0,733.0,22,2815,2747.0
3455,63,60916,13411.0,677.0,15,27006,1418.0
3456,31,47537,12523.0,631.0,18,21391,1000.0
3457,27,71771,22866.0,649.0,14,28037,2203.0
3458,19,74696,24453.0,647.0,19,32816,1497.0
3459,63,63160,23645.0,716.0,29,3334,2519.0
3460,26,37950,8220.0,694.0,25,16549,1000.0
3461,20,62290,10832.0,607.0,22,5109,1000.0
3462,38,94189,26815.0,656.0,15,19187,2813.0
3463,43,42050,8958.0,728.0,23,23785,1351.0
3464,25,141374,38209.0,699.0,6,42656,5207.0
3465,65,43415,9308.0,711.0,16,25200,1000.0
3466,19,55808,7197.0,701.0,22,2978,2263.0
3467,23,40638,9356.0,769.0,23,11644,1799.0
3468,45,60813,18310.0,693.0,23,2277,1772.0
3469,70,25112,8432.0,659.0,20,9496,1000.0
3470,46,43018,10232.0,630.0,17,2031,1290.0
3471,43,33645,4471.0,694.0,22,3540,1000.0
3472,42,58454,12433.0,580.0,11,9078,1366.0
3473,29,86042,28533.0,670.0,12,38654,1326.0
3474,22,73555,15602.0,669.0,18,7236,3344.0
3475,51,20000,6058.0,605.0,19,10160,1000.0
3476,65,137864,33406.0,629.0,5,10911,4646.0
3477,54,62816,9874.0,725.0,21,1328,1381.0
3478,32,38780,12982.0,693.0,23,9192,1329.0
3479,61,59030,6313.0,686.0,17,34690,1152.0
3480,53,59538,14763.0,697.0,35,3942,2303.0
3481,32,40742,5983.0,685.0,13,2487,1000.0
3482,60,60123,6100.0,748.0,15,27097,2546.0
3483,65,41845,10082.0,687.0,15,7837,1695.0
3484,40,45850,10998.0,600.0,17,19732,1611.0
3485,23,40387,12367.0,770.0,16,4847,1000.0
3486,63,28865,9188.0,700.0,8,7968,1000.0
3487,67,58731,18377.0,648.0,14,9348,2417.0
3488,61,71573,15106.0,611.0,17,19390,1186.0
3489,60,69341,19564.0,702.0,27,31998,1227.0
3490,62,79543,21049.0,674.0,33,36368,2437.0
3491,38,63643,13677.0,767.0,27,19695,1377.0
3492,40,43276,11732.0,661.0,13,24106,1000.0
3493,60,80253,30746.0,634.0,13,12702,2544.0
3494,33,29858,4232.0,729.0,17,4305,1000.0
3495,64,36673,13563.0,731.0,30,13506,1000.0
3496,70,35639,3461.0,689.0,17,13285,1081.0
3497,32,89421,15978.0,717.0,9,2497,2271.0
3498,42,84065,14477.0,678.0,14,30656,3109.0
3499,53,68485,19206.0,693.0,23,15386,1091.0
3500,28,89095,10869.0,744.0,23,39956,2957.0
3501,68,37027,13417.0,714.0,17,17953,1002.0
3502,32,64341,22206.0,671.0,23,21316,1675.0
3503,21,51988,15007.0,754.0,3,53,1052.0
3504,38,80514,,580.0,19,30742,1088.0
3505,30,52221,19768.0,793.0,24,23464,2128.0
3506,39,46252,15996.0,586.0,12,6910,1081.0
3507,36,70157,16822.0,646.0,12,19559,2470.0
3508,51,81582,24850.0,678.0,5,47272,3597.0
3509,31,40714,10643.0,672.0,29,7282,1276.0
3510,21,53509,14348.0,735.0,13,7164,1377.0
3511,65,34159,6351.0,622.0,20,4322,1000.0
3512,70,20000,4557.0,694.0,22,6706,1000.0
3513,69,60192,6320.0,648.0,29,34302,2121.0
3514,63,72337,14059.0,696.0,17,26418,2508.0
3515,44,61884,18730.0,676.0,14,11263,1653.0
3516,46,22875,8808.0,685.0,19,8764,1000.0
3517,64,46967,18232.0,650.0,27,17608,1704.0
3518,45,20269,5226.0,652.0,17,7259,1000.0
3519,52,101870,27925.0,696.0,11,9744,3309.0
3520,25,33737,4704.0,732.0,7,12845,1000.0
3521,33,96763,29271.0,647.0,9,24974,1231.0
3522,59,84181,8638.0,632.0,24,939,3318.0
3523,53,36674,6275.0,714.0,16,11877,1000.0
3524,47,33035,9708.0,678.0,14,19608,1000.0
3525,35,64393,11546.0,726.0,13,13512,1527.0
3526,19,37614,3609.0,630.0,19,21791,1000.0
3527,66,57596,19940.0,,16,3325,1636.0
3528,30,44259,7936.0,651.0,16,19451,2024.0
3529,21,24676,2472.0,638.0,27,1693,1000.0
3530,43,20158,2095.0,676.0,29,3309,1000.0
3531,42,60907,9779.0,645.0,7,20861,2007.0
3532,47,42719,5851.0,721.0,20,15194,1000.0
3533,28,42882,14056.0,664.0,13,19946,1000.0
3534,24,75224,13761.0,688.0,16,27772,1066.0
3535,48,93259,31475.0,689.0,20,33216,1237.0
3536,61,48652,6599.0,691.0,17,26633,1307.0
3537,27,47184,11217.0,679.0,20,12801,1261.0
3538,56,68882,20676.0,708.0,23,9310,1287.0
3539,30,29866,8620.0,636.0,20,2899,1154.0
3540,48,60810,16562.0,757.0,13,14594,1022.0
3541,24,70505,,667.0,14,30152,3032.0
3542,66,74697,11438.0,608.0,8,1907,2397.0
3543,59,23007,5475.0,690.0,12,1781,1000.0
3544,59,39045,14169.0,633.0,32,2486,1741.0
3545,53,37044,3887.0,717.0,12,13008,1000.0
3546,37,57529,5631.0,802.0,10,8383,1582.0
3547,21,68284,10561.0,637.0,20,6812,1501.0
3548,24,107862,30478.0,698.0,17,38362,3967.0
3549,18,44018,7182.0,583.0,17,20107,1263.0
3550,61,43966,6194.0,705.0,28,8762,1000.0
3551,62,92267,20928.0,631.0,22,32010,1474.0
3552,59,62853,17370.0,646.0,14,3700,2305.0
3553,64,97298,15523.0,619.0,15,54595,1985.0
3554,30,62631,11037.0,720.0,14,12660,1071.0
3555,39,32676,9030.0,735.0,24,19557,1000.0
3556,38,30187,11551.0,681.0,16,17724,1185.0
3557,39,27362,8097.0,632.0,5,12786,1000.0
3558,45,74088,24488.0,767.0,18,892,1609.0
3559,26,93897,18533.0,639.0,7,30618,3784.0
3560,43,126412,21126.0,580.0,33,6586,2203.0
3561,26,80377,18114.0,705.0,11,43169,2657.0
3562,32,92815,31398.0,619.0,17,43974,4115.0
3563,27,42365,9575.0,734.0,20,24716,1718.0
3564,41,32686,11471.0,659.0,16,11931,1000.0
3565,59,80630,31962.0,713.0,16,25262,1868.0
3566,25,66373,6840.0,757.0,21,20668,1145.0
3567,41,57725,5457.0,,29,13385,2548.0
3568,33,65474,8372.0,649.0,23,18412,2970.0
3569,66,63610,12913.0,676.0,28,24251,1293.0
3570,43,98008,11950.0,765.0,11,54862,3413.0
3571,44,98502,35324.0,644.0,20,35217,3995.0
3572,54,70262,6141.0,647.0,19,36134,1426.0
3573,21,80475,14570.0,706.0,20,41659,1509.0
3574,67,69315,9642.0,648.0,28,21578,1000.0
3575,41,44693,16898.0,688.0,16,9318,1172.0
3576,36,77307,22746.0,595.0,15,29666,3284.0
3577,53,29365,10919.0,802.0,22,7856,1251.0
3578,56,88375,34567.0,606.0,6,4318,1481.0
3579,27,32130,7681.0,662.0,16,7283,1000.0
3580,42,62549,9694.0,678.0,17,37307,1633.0
3581,35,37600,5339.0,785.0,12,1094,1448.0
3582,36,70553,10677.0,607.0,25,29491,2321.0
3583,53,54167,16616.0,789.0,11,27339,1605.0
3584,27,26835,2494.0,722.0,17,10445,1000.0
3585,50,66463,6409.0,703.0,20,22720,1044.0
3586,67,42405,11645.0,626.0,27,18002,1205.0
3587,22,81765,23340.0,711.0,18,21063,3726.0
3588,64,55033,16118.0,640.0,25,3017,1000.0
3589,66,65711,13077.0,750.0,23,37943,1959.0
3590,52,35746,12079.0,627.0,19,9272,1000.0
3591,61,42188,10579.0,674.0,10,16843,1287.0
3592,51,44743,5089.0,649.0,8,14263,1415.0
3593,50,80871,27098.0,626.0,19,2653,2568.0
3594,38,116998,45042.0,721.0,14,66882,4786.0
3595,34,38283,3798.0,,24,18204,1000.0
3596,39,89292,18326.0,746.0,23,7988,2653.0
3597,65,20717,4889.0,582.0,17,12202,1000.0
3598,54,32135,4077.0,739.0,10,14208,1247.0
3599,32,35726,12778.0,818.0,22,10124,1000.0
3600,52,29925,5115.0,655.0,11,10977,1189.0
3601,45,26970,8915.0,784.0,13,1727,1000.0
3602,24,66233,19520.0,666.0,11,22271,1000.0
3603,49,49949,13555.0,605.0,17,2208,1000.0
3604,28,65240,9231.0,663.0,26,21328,2959.0
3605,27,75042,11303.0,738.0,18,24885,1738.0
3606,26,61983,5898.0,634.0,15,32520,1000.0
3607,31,73945,11611.0,647.0,7,32169,1217.0
3608,30,53306,10157.0,713.0,22,7982,1218.0
3609,42,32239,11174.0,680.0,13,17185,1000.0
3610,19,88531,17462.0,712.0,19,30450,2616.0
3611,52,42192,13564.0,693.0,16,15351,1000.0
3612,24,36101,7965.0,706.0,24,3660,1076.0
3613,38,50768,16812.0,656.0,17,26128,1000.0
3614,35,36473,14312.0,693.0,18,20373,1000.0
3615,20,45581,7145.0,629.0,21,21195,1478.0
3616,59,64210,22856.0,751.0,33,36243,1000.0
3617,56,64334,17948.0,645.0,24,11669,1659.0
3618,58,36720,12541.0,742.0,17,18972,1000.0
3619,66,44162,12741.0,667.0,18,12954,1000.0
3620,28,89191,19235.0,691.0,14,8772,2912.0
3621,56,68766,10520.0,653.0,11,27594,2209.0
3622,41,139926,14330.0,624.0,14,57436,4691.0
3623,63,93540,23513.0,584.0,13,16103,1665.0
3624,36,92044,36533.0,622.0,23,1518,2027.0
3625,21,29453,9312.0,662.0,11,3532,1000.0
3626,43,77561,14329.0,692.0,27,18604,2367.0
3627,55,53701,18511.0,736.0,23,5399,1497.0
3628,59,42922,13996.0,655.0,18,4997,1009.0
3629,49,59320,10092.0,631.0,18,13930,2296.0
3630,56,84157,7118.0,601.0,14,48565,1316.0
3631,62,68904,8118.0,706.0,20,31596,3100.0
3632,63,37041,13362.0,756.0,26,7106,1000.0
3633,53,76818,26710.0,750.0,13,43860,2940.0
3634,57,41282,7202.0,719.0,7,15992,1023.0
3635,54,60633,10384.0,715.0,23,16569,2507.0
3636,50,47982,16012.0,773.0,20,13482,1000.0
3637,53,49841,18943.0,698.0,10,12283,1246.0
3638,20,77645,25570.0,716.0,13,10854,1839.0
3639,26,34441,9429.0,662.0,12,7990,1571.0
3640,25,131983,20808.0,605.0,13,41804,
3641,50,24236,6016.0,642.0,16,7678,1000.0
3642,23,42030,6503.0,679.0,16,19209,1408.0
3643,58,64970,21996.0,683.0,13,13987,1972.0
3644,56,71541,14582.0,786.0,13,30768,1262.0
3645,21,52569,18230.0,684.0,16,18234,1000.0
3646,30,53598,10833.0,745.0,19,30932,2437.0
3647,66,66160,22741.0,656.0,16,15294,1825.0
3648,19,49568,9252.0,663.0,26,26803,1000.0
3649,22,102952,22736.0,607.0,22,50692,2024.0
3650,61,80241,22223.0,639.0,7,30700,1721.0
3651,44,81459,8349.0,709.0,22,31990,2406.0
3652,49,35608,13653.0,680.0,22,1809,1000.0
3653,38,53070,13987.0,732.0,15,30257,1468.0
3654,25,48044,11651.0,690.0,8,3083,
3655,55,34981,12195.0,661.0,18,11821,1000.0
3656,25,64677,23093.0,798.0,18,12809,1000.0
3657,67,43181,10671.0,675.0,10,11137,1820.0
3658,20,73867,27827.0,744.0,8,27043,1413.0
3659,61,33979,,658.0,17,18529,1282.0
3660,20,119212,,719.0,16,32728,2879.0
3661,39,36744,9957.0,731.0,15,21776,1040.0
3662,23,60705,11734.0,691.0,17,21592,1348.0
3663,19,78545,17952.0,580.0,10,7566,2805.0
3664,40,42544,7870.0,681.0,15,4850,1729.0
3665,61,80717,16911.0,748.0,22,34681,1779.0
3666,19,31633,10858.0,709.0,16,957,1000.0
3667,55,105719,28535.0,705.0,6,30469,3723.0
3668,34,55351,22093.0,585.0,15,4922,1052.0
3669,52,42054,13954.0,640.0,11,10931,1423.0
3670,51,48072,8056.0,703.0,20,21630,1000.0
3671,40,79150,13027.0,703.0,20,21789,2626.0
3672,47,42281,7927.0,747.0,6,4147,1252.0
3673,69,39257,13734.0,672.0,23,5934,1000.0
3674,25,49781,4417.0,702.0,10,10978,1699.0
3675,39,32385,4976.0,681.0,29,1352,1000.0
3676,61,124783,46117.0,626.0,18,43749,2463.0
3677,53,42626,12138.0,580.0,9,15538,1035.0
3678,22,79963,12202.0,704.0,10,2982,2311.0
3679,30,60437,9073.0,690.0,20,14589,1000.0
3680,46,35314,12573.0,646.0,15,8772,1569.0
3681,48,54853,20076.0,591.0,17,10987,1903.0
3682,64,78268,12676.0,715.0,29,26192,1246.0
3683,33,50532,10842.0,665.0,13,10489,2018.0
3684,59,94088,32655.0,711.0,18,23507,2188.0
3685,47,87096,28456.0,783.0,28,41677,2821.0
3686,33,83167,28314.0,580.0,20,8089,1808.0
3687,29,44723,10997.0,642.0,7,16613,1652.0
3688,34,33832,12575.0,668.0,22,10263,1238.0
3689,33,41730,7691.0,760.0,10,7638,1290.0
3690,29,60078,7818.0,590.0,28,26225,1233.0
3691,25,70312,21571.0,786.0,12,23253,1474.0
3692,37,20700,5229.0,687.0,39,5929,1000.0
3693,20,54800,19370.0,675.0,28,21953,1000.0
3694,33,59055,6258.0,669.0,12,28428,1403.0
3695,47,48542,16989.0,656.0,18,28329,1714.0
3696,62,98338,17096.0,738.0,23,37133,3953.0
3697,40,66495,19254.0,621.0,23,34888,1568.0
3698,45,99178,9208.0,699.0,21,65,2012.0
3699,68,49906,13727.0,659.0,27,15877,2009.0
3700,57,83864,25958.0,638.0,17,10801,3538.0
3701,22,114791,22729.0,820.0,15,6487,3004.0
3702,37,99245,14781.0,703.0,16,31677,1330.0
3703,57,33645,8480.0,714.0,24,15076,1200.0
3704,61,49067,17008.0,743.0,21,12137,1896.0
3705,18,47088,8642.0,602.0,20,18932,1000.0
3706,47,68545,11021.0,776.0,24,20141,2216.0
3707,38,74903,12678.0,580.0,4,19643,2405.0
3708,37,37706,14469.0,638.0,20,6567,1000.0
3709,23,56705,11056.0,655.0,20,13017,2126.0
3710,39,22162,1799.0,712.0,30,4651,1000.0
3711,35,105236,34742.0,692.0,7,40801,3689.0
3712,25,43675,13267.0,671.0,29,3040,1299.0
3713,56,56400,6832.0,679.0,19,3135,1172.0
3714,49,47846,18907.0,626.0,21,18947,1565.0
3715,50,92116,25293.0,598.0,30,30194,3414.0
3716,70,20000,4805.0,720.0,22,5162,1000.0
3717,33,54590,11044.0,718.0,21,4993,1374.0
3718,29,52442,19276.0,767.0,20,12933,1000.0
3719,55,44844,7088.0,637.0,15,21249,2037.0
3720,69,119598,20505.0,718.0,18,63838,3982.0
3721,51,36893,4397.0,664.0,13,15552,1625.0
3722,31,77839,25136.0,745.0,18,2798,1242.0
3723,53,64563,,736.0,3,25970,1543.0
3724,50,97030,26674.0,692.0,21,14030,1646.0
3725,40,40735,6107.0,661.0,17,7705,1644.0
3726,67,39547,11404.0,733.0,16,4648,1655.0
3727,62,90068,29267.0,716.0,20,41922,2631.0
3728,19,66602,12956.0,642.0,8,25919,1247.0
3729,58,27443,9233.0,607.0,32,10074,1000.0
3730,38,43148,8268.0,664.0,17,17293,1385.0
3731,19,65445,21113.0,763.0,17,9297,1923.0
3732,44,80184,7280.0,743.0,11,21392,2859.0
3733,26,40515,10387.0,619.0,18,15394,1000.0
3734,18,20000,7805.0,616.0,28,7639,1000.0
3735,28,69601,27423.0,750.0,25,33068,1000.0
3736,20,31759,5404.0,618.0,24,5471,1043.0
3737,69,22188,4909.0,708.0,22,10255,1000.0
3738,40,20000,2003.0,646.0,15,5282,1000.0
3739,43,79331,28517.0,769.0,8,31899,2689.0
3740,21,58277,15265.0,638.0,17,15935,1503.0
3741,35,49689,10098.0,743.0,16,28281,1058.0
3742,23,102760,11929.0,690.0,25,11055,4385.0
3743,52,73268,28059.0,694.0,20,29674,1000.0
3744,39,113826,28419.0,580.0,29,39375,2663.0
3745,60,29388,5012.0,580.0,26,3046,1292.0
3746,32,54151,10401.0,668.0,15,2145,1857.0
3747,39,26571,4427.0,694.0,5,12740,1000.0
3748,54,49606,13522.0,618.0,28,4686,1000.0
3749,69,49178,18569.0,620.0,28,5503,1981.0
3750,59,72916,25823.0,711.0,8,42806,1408.0
3751,29,56139,12762.0,711.0,29,24160,1166.0
3752,64,72811,25082.0,672.0,21,10943,1376.0
3753,66,75481,16258.0,723.0,19,26763,1341.0
3754,59,145046,23314.0,615.0,29,46482,6422.0
3755,55,47725,18837.0,660.0,27,24181,1554.0
3756,35,36013,6383.0,771.0,23,15759,1216.0
3757,62,61441,11280.0,684.0,21,30661,2723.0
3758,52,38333,15207.0,687.0,22,4865,1000.0
3759,47,107148,13164.0,807.0,15,41159,1360.0
3760,41,48419,15657.0,603.0,18,1169,1572.0
3761,59,42641,16181.0,724.0,12,1764,1255.0
3762,47,44489,10845.0,772.0,16,19046,1264.0
3763,31,75991,6141.0,662.0,15,1113,1107.0
3764,23,51231,10247.0,727.0,14,17821,1416.0
3765,20,41206,4768.0,626.0,19,20778,1000.0
3766,33,116366,24807.0,642.0,16,26527,2520.0
3767,24,37414,12452.0,701.0,22,1007,1000.0
3768,69,55887,12317.0,,7,23937,1318.0
3769,31,73764,16096.0,742.0,17,41146,1790.0
3770,26,26397,6815.0,766.0,19,11359,1000.0
3771,32,68269,18169.0,676.0,16,23694,3081.0
3772,38,34211,12111.0,746.0,17,4722,1491.0
3773,52,79645,14230.0,661.0,7,735,2521.0
3774,19,35664,12230.0,730.0,20,14865,1612.0
3775,44,75119,19613.0,691.0,23,10413,3421.0
3776,19,90465,15937.0,705.0,21,46580,2204.0
3777,52,81043,14137.0,703.0,25,22677,2216.0
3778,35,61585,12044.0,592.0,19,19608,2739.0
3779,31,49563,13841.0,618.0,21,22420,1625.0
3780,37,42434,6529.0,686.0,19,19845,1000.0
3781,35,106623,39931.0,587.0,23,41113,3783.0
3782,27,40148,10598.0,726.0,7,22606,1000.0
3783,42,34489,12913.0,728.0,12,20327,1000.0
3784,19,74199,7038.0,698.0,29,42155,1490.0
3785,42,38439,,618.0,3,19008,1000.0
3786,50,35867,3131.0,756.0,17,15185,1000.0
3787,53,28723,4800.0,792.0,26,11432,1202.0
3788,48,44257,15749.0,688.0,17,2755,1000.0
3789,31,52990,4860.0,708.0,15,8632,1000.0
3790,18,61358,13472.0,691.0,19,209,1000.0
3791,63,84388,9926.0,709.0,16,6957,2619.0
3792,33,69717,14877.0,673.0,18,18373,3179.0
3793,63,50473,17586.0,678.0,13,4438,1000.0
3794,69,50307,14055.0,730.0,26,27216,1000.0
3795,20,69193,21849.0,809.0,28,33449,1876.0
3796,52,97513,18695.0,603.0,17,4190,3050.0
3797,58,58217,22251.0,674.0,8,8695,1299.0
3798,23,44533,13670.0,615.0,14,21885,1006.0
3799,42,35182,7563.0,768.0,17,16952,1000.0
3800,30,28703,6213.0,648.0,22,16282,1000.0
3801,70,74229,27760.0,601.0,11,44428,3193.0
3802,51,71338,18865.0,715.0,13,41787,1000.0
3803,25,71318,21826.0,776.0,22,17550,1449.0
3804,38,51906,11079.0,716.0,25,7796,2048.0
3805,51,103591,15702.0,691.0,14,47139,4175.0
3806,21,44233,13780.0,703.0,9,7943,1000.0
3807,42,84538,23206.0,758.0,41,40903,3801.0
3808,32,54049,12995.0,632.0,23,17316,1925.0
3809,21,41828,11699.0,674.0,16,19925,1000.0
3810,62,71806,10530.0,655.0,24,11886,1989.0
3811,29,66133,22092.0,616.0,17,20158,1482.0
3812,49,64584,24762.0,662.0,24,21856,1130.0
3813,49,57049,20832.0,741.0,19,32282,1267.0
3814,45,54070,9887.0,711.0,19,8649,1721.0
3815,30,161112,33821.0,715.0,17,90547,6450.0
3816,48,93714,31740.0,688.0,8,45256,2307.0
3817,31,76142,20592.0,709.0,32,33391,1835.0
3818,37,57838,14768.0,636.0,11,27307,1625.0
3819,35,86535,32583.0,663.0,8,31434,2941.0
3820,46,69438,17466.0,691.0,17,10169,2608.0
3821,23,55652,13623.0,695.0,11,6327,1302.0
3822,49,47977,4483.0,698.0,18,24939,1537.0
3823,46,53033,5421.0,672.0,23,23074,1351.0
3824,60,20000,1647.0,659.0,25,2558,1000.0
3825,19,60467,22508.0,820.0,24,22316,1088.0
3826,40,44147,9301.0,730.0,16,11855,1000.0
3827,36,112622,25896.0,703.0,18,10721,3007.0
3828,48,55481,19447.0,667.0,21,17705,2338.0
3829,68,32211,8857.0,655.0,6,5441,1018.0
3830,22,53779,14791.0,673.0,22,3106,2403.0
3831,36,34349,6007.0,696.0,8,9624,1000.0
3832,51,68058,23606.0,580.0,32,24097,1895.0
3833,27,62694,8342.0,594.0,15,1764,1659.0
3834,42,84636,8210.0,645.0,17,20419,2751.0
3835,19,38530,5445.0,691.0,13,5957,1524.0
3836,28,55848,9253.0,667.0,14,1027,2265.0
3837,67,29757,5069.0,761.0,34,2244,1037.0
3838,48,75415,22215.0,598.0,25,6291,2555.0
3839,32,69465,10399.0,639.0,7,7622,3066.0
3840,26,68748,20386.0,764.0,29,33138,1739.0
3841,40,55040,6008.0,687.0,26,14514,2216.0
3842,36,66286,8425.0,729.0,16,5850,2865.0
3843,26,113215,27491.0,793.0,20,6813,3270.0
3844,52,48378,18142.0,642.0,18,8648,1780.0
3845,38,58541,20786.0,675.0,32,28030,1467.0
3846,26,33736,13157.0,665.0,12,7377,1000.0
3847,45,37211,10722.0,580.0,19,3570,1193.0
3848,63,57475,17028.0,663.0,15,13936,1095.0
3849,68,90387,25309.0,728.0,8,30116,2509.0
3850,24,49009,13688.0,710.0,33,870,2039.0
3851,33,49460,6285.0,714.0,10,18626,1000.0
3852,33,45798,11633.0,,20,10857,1000.0
3853,50,43237,8801.0,644.0,6,252,1415.0
3854,21,62807,13919.0,750.0,15,25395,1478.0
3855,21,28038,6941.0,653.0,21,11984,1000.0
3856,56,97881,11852.0,696.0,12,36931,2547.0
3857,57,40768,7951.0,689.0,22,8364,1000.0
3858,34,76111,7634.0,760.0,16,24185,1000.0
3859,54,31057,12221.0,733.0,26,7214,1318.0
3860,56,74315,8764.0,609.0,28,31240,1468.0
3861,69,74419,12110.0,615.0,14,26058,1987.0
3862,46,65381,23878.0,712.0,19,3209,2935.0
3863,69,35158,8243.0,676.0,19,13566,1408.0
3864,53,61536,7594.0,655.0,22,25374,1000.0
3865,55,32296,6555.0,736.0,18,7183,1000.0
3866,56,49087,5747.0,690.0,19,25794,1808.0
3867,67,87406,12593.0,683.0,16,44211,3127.0
3868,54,78716,7608.0,723.0,19,8273,2980.0
3869,69,55377,12196.0,659.0,27,30045,1537.0
3870,52,35469,11993.0,766.0,23,9382,1000.0
3871,24,73541,19673.0,637.0,23,31935,2059.0
3872,44,55482,15204.0,716.0,23,27101,1892.0
3873,45,20000,2884.0,759.0,17,6061,1000.0
3874,39,78219,14865.0,604.0,20,18730,1162.0
3875,31,54403,19067.0,661.0,10,29882,1000.0
3876,24,94485,10215.0,743.0,27,13087,4221.0
3877,54,33598,11912.0,744.0,3,5180,1000.0
3878,39,20000,4696.0,671.0,17,4339,1000.0
3879,22,62360,21694.0,640.0,26,32158,2375.0
3880,19,62711,11398.0,733.0,8,35323,1640.0
3881,44,25701,4843.0,745.0,21,3394,1000.0
3882,38,35411,11350.0,616.0,13,18354,1000.0
3883,55,190030,62938.0,614.0,15,29440,5979.0
3884,32,47933,7357.0,692.0,25,27915,1323.0
3885,38,76422,29905.0,715.0,19,27393,3296.0
3886,27,41040,4393.0,664.0,4,174,1000.0
3887,40,21471,2188.0,717.0,11,440,1000.0
3888,56,50943,13783.0,641.0,25,4508,1000.0
3889,22,48804,15192.0,580.0,21,5493,1248.0
3890,18,45942,17802.0,657.0,30,21160,1709.0
3891,30,52235,10948.0,683.0,30,6982,1044.0
3892,38,61945,5457.0,665.0,16,36020,1992.0
3893,43,51407,14030.0,616.0,36,19620,1000.0
3894,67,31141,5378.0,580.0,18,12939,1000.0
3895,62,68451,14959.0,652.0,11,8946,2049.0
3896,38,22877,5406.0,729.0,14,12253,1000.0
3897,70,21860,2200.0,749.0,3,8759,1000.0
3898,35,76705,18065.0,745.0,29,39783,3305.0
3899,54,69096,14954.0,635.0,29,39653,1384.0
3900,62,53598,16509.0,617.0,11,4040,1000.0
3901,49,29353,8413.0,707.0,16,1701,1000.0
3902,53,39996,5570.0,715.0,19,19280,1000.0
3903,34,48867,7133.0,702.0,11,25395,1000.0
3904,52,26821,4300.0,580.0,6,9394,1049.0
3905,66,39440,5414.0,632.0,17,8661,1144.0
3906,28,73765,21415.0,678.0,16,28885,1877.0
3907,38,104545,41632.0,707.0,15,19173,4620.0
3908,69,45540,13146.0,722.0,20,6514,1132.0
3909,70,77305,21192.0,688.0,28,22642,1397.0
3910,43,23243,4908.0,698.0,16,3014,1000.0
3911,21,74002,13322.0,685.0,19,21477,1514.0
3912,51,38304,14232.0,718.0,23,21985,1116.0
3913,69,63158,24637.0,697.0,22,31823,1403.0
3914,65,49198,11757.0,684.0,14,27796,1461.0
3915,35,99636,17223.0,665.0,19,48204,3468.0
3916,57,37108,12114.0,684.0,22,7898,1425.0
3917,52,72949,8928.0,707.0,10,35543,2639.0
3918,58,48500,15762.0,695.0,27,26857,1000.0
3919,46,51218,17520.0,701.0,28,29103,1000.0
3920,69,50633,6074.0,754.0,13,20755,1548.0
3921,46,37592,14758.0,695.0,19,4767,1000.0
3922,55,54652,21607.0,644.0,22,1303,1000.0
3923,59,53471,20306.0,729.0,14,4723,1608.0
3924,38,61307,14636.0,,21,35517,1434.0
3925,59,57132,9069.0,621.0,19,15840,2154.0
3926,30,78762,20970.0,698.0,8,40404,1809.0
3927,66,83339,17866.0,708.0,21,23254,3761.0
3928,58,34280,5002.0,612.0,10,13592,1295.0
3929,34,81311,17529.0,659.0,25,1178,1173.0
3930,26,32249,9431.0,647.0,13,4835,1000.0
3931,58,71655,7358.0,653.0,17,18757,2240.0
3932,18,72691,13571.0,732.0,28,27505,2593.0
3933,19,23272,1994.0,719.0,21,2395,1000.0
3934,65,57350,18343.0,679.0,10,26308,1641.0
3935,46,44545,12696.0,650.0,11,9739,1103.0
3936,50,39091,3911.0,606.0,14,19173,1000.0
3937,27,101010,39264.0,758.0,21,5938,4448.0
3938,67,40984,3575.0,713.0,21,16715,1000.0
3939,57,38262,10284.0,641.0,12,6734,1000.0
3940,38,56906,18690.0,720.0,10,27157,1029.0
3941,45,74877,24869.0,676.0,20,18068,3076.0
3942,28,51604,4694.0,664.0,17,20601,1654.0
3943,51,92963,34401.0,704.0,33,52113,3575.0
3944,25,69845,26115.0,639.0,18,864,2756.0
3945,39,20638,5359.0,661.0,31,138,1000.0
3946,25,43340,10153.0,687.0,10,20030,1337.0
3947,66,42713,4030.0,653.0,7,16566,1000.0
3948,32,68241,17731.0,717.0,10,11996,1190.0
3949,34,20000,4220.0,783.0,26,5933,1000.0
3950,40,173190,56685.0,639.0,30,4358,4281.0
3951,41,69846,14615.0,588.0,13,8065,2172.0
3952,62,58811,17570.0,580.0,15,14979,1712.0
3953,36,93601,10525.0,672.0,10,46840,3049.0
3954,22,157902,19350.0,644.0,5,45444,2143.0
3955,49,81383,10149.0,691.0,23,28632,1106.0
3956,61,84293,7971.0,687.0,20,44191,3081.0
3957,18,58332,14771.0,592.0,18,10808,1105.0
3958,40,51606,17240.0,580.0,8,21696,1767.0
3959,54,44399,12224.0,696.0,29,22954,1364.0
3960,25,37924,10011.0,687.0,14,4610,1715.0
3961,30,40374,12023.0,657.0,22,8635,1629.0
3962,25,29952,5652.0,589.0,8,17608,1000.0
3963,40,53154,10409.0,706.0,17,31357,1757.0
3964,60,25771,4653.0,750.0,20,3452,1000.0
3965,18,59934,18452.0,695.0,20,2389,1521.0
3966,62,54108,7127.0,633.0,19,8795,2000.0
3967,68,58760,4946.0,682.0,21,14022,1954.0
3968,41,43483,11774.0,605.0,10,11506,1246.0
3969,52,200000,76312.0,738.0,19,74257,3677.0
3970,41,101432,27895.0,685.0,19,54743,3983.0
3971,34,31415,10384.0,583.0,20,6227,1000.0
3972,22,61076,18035.0,663.0,19,31148,2434.0
3973,37,41835,10006.0,705.0,9,2346,1376.0
3974,38,34842,10797.0,662.0,9,875,1000.0
3975,57,30093,10343.0,665.0,3,9101,1000.0
3976,48,66809,10149.0,613.0,24,2392,1353.0
3977,63,40476,7592.0,711.0,24,9532,1705.0
3978,53,85017,12888.0,644.0,24,45745,3381.0
3979,28,86016,19327.0,580.0,20,12463,2723.0
3980,69,102063,37071.0,660.0,3,43232,2862.0
3981,32,37478,7138.0,734.0,11,6799,1277.0
3982,36,68118,13612.0,659.0,19,1836,1910.0
3983,24,73108,25977.0,776.0,19,24419,2484.0
3984,68,44432,10882.0,704.0,16,22257,1011.0
3985,45,38863,9768.0,699.0,21,9548,1572.0
3986,68,113479,40337.0,673.0,18,42030,4074.0
3987,60,60929,14438.0,676.0,19,32903,1432.0
3988,22,73224,21828.0,666.0,14,34695,2943.0
3989,22,37993,4081.0,663.0,25,4420,1092.0
3990,47,31774,4358.0,709.0,15,13982,1000.0
3991,49,42567,8914.0,629.0,9,12818,1000.0
3992,25,52015,12398.0,621.0,13,23281,1863.0
3993,27,34071,13255.0,618.0,16,10109,1408.0
3994,55,54757,21389.0,793.0,25,4204,2158.0
3995,64,25726,9065.0,709.0,18,8797,1000.0
3996,49,33225,6013.0,697.0,17,9811,1000.0
3997,65,74384,28897.0,622.0,9,23115,1163.0
3998,45,72171,21694.0,714.0,23,38059,1732.0
3999,34,46108,9486.0,674.0,13,24755,1890.0
4000,48,34790,10595.0,692.0,17,9467,1550.0
4001,25,34640,2954.0,626.0,28,9472,1000.0
4002,57,46496,5894.0,689.0,22,14372,1762.0
4003,42,73506,25396.0,657.0,7,22916,2325.0
4004,26,83516,23934.0,638.0,6,47624,1132.0
4005,19,43987,8645.0,720.0,18,17139,1346.0
4006,32,32729,7862.0,595.0,10,5449,1288.0
4007,67,62045,22935.0,711.0,23,19788,1347.0
4008,20,37968,10711.0,718.0,18,14289,1610.0
4009,66,43559,9034.0,632.0,19,16721,1000.0
4010,53,99854,11833.0,635.0,13,35064,1503.0
4011,21,79801,13885.0,668.0,30,8510,1423.0
4012,31,59052,23212.0,696.0,38,1190,2386.0
4013,58,31030,6825.0,672.0,16,6290,1000.0
4014,58,60489,13972.0,704.0,20,15516,2363.0
4015,42,88724,21254.0,777.0,19,3290,2680.0
4016,67,46446,16856.0,652.0,16,22711,1325.0
4017,27,101022,27605.0,586.0,12,20856,3980.0
4018,38,98403,29715.0,725.0,10,53943,2619.0
4019,53,116281,23793.0,773.0,10,10773,4562.0
4020,29,63098,5635.0,702.0,21,2155,1000.0
4021,44,71640,27074.0,620.0,14,20732,2415.0
4022,57,103930,39880.0,673.0,3,11794,3733.0
4023,19,67266,25812.0,618.0,21,37833,2857.0
4024,30,43894,16767.0,715.0,18,271,1000.0
4025,70,44947,15321.0,,27,11128,1467.0
4026,49,61233,18313.0,663.0,21,34049,1650.0
4027,48,30771,10777.0,625.0,8,7097,1000.0
4028,33,51566,14035.0,687.0,3,2881,1000.0
4029,49,90087,11081.0,660.0,13,16372,1529.0
4030,49,20517,4210.0,690.0,14,6131,1000.0
4031,51,109711,42877.0,681.0,25,12188,4113.0
4032,28,91140,17532.0,626.0,18,25513,2301.0
4033,27,44721,15997.0,714.0,26,22441,1794.0
4034,32,70236,7714.0,677.0,9,36774,1067.0
4035,34,55078,10296.0,626.0,25,1628,1836.0
4036,57,95663,18396.0,803.0,23,9235,3964.0
4037,35,85588,8260.0,706.0,4,14137,3463.0
4038,26,29292,3460.0,672.0,27,10455,1000.0
4039,42,71636,10159.0,758.0,19,15516,2675.0
4040,57,50139,17453.0,781.0,21,25392,1341.0
4041,31,57089,5725.0,672.0,12,24548,2312.0
4042,42,39633,6959.0,699.0,27,2389,1197.0
4043,67,120783,10056.0,626.0,10,45262,4589.0
4044,39,87826,26576.0,672.0,24,5955,1328.0
4045,69,39426,10980.0,669.0,24,6033,1268.0
4046,47,30167,8640.0,690.0,11,3219,1000.0
4047,37,46237,9238.0,698.0,32,4801,1518.0
4048,38,66877,9807.0,711.0,20,24734,2387.0
4049,61,61278,19027.0,693.0,23,20722,2641.0
4050,49,96664,32823.0,613.0,7,10209,3740.0
4051,68,78476,9759.0,628.0,33,46623,1555.0
4052,63,85084,20062.0,650.0,9,21535,3406.0
4053,66,63715,10168.0,664.0,25,3711,1056.0
4054,38,29434,3938.0,738.0,11,2129,1000.0
4055,52,50364,15864.0,616.0,14,17644,2112.0
4056,49,88621,22349.0,660.0,24,52060,1406.0
4057,47,53739,,732.0,25,18442,2194.0
4058,56,68974,12360.0,664.0,9,39276,2698.0
4059,66,47651,18552.0,705.0,26,12698,1396.0
4060,29,34602,12165.0,672.0,25,9049,1000.0
4061,58,52030,18813.0,694.0,11,15609,1354.0
4062,64,63206,14361.0,667.0,29,26449,2831.0
4063,35,40947,11450.0,717.0,8,9032,1000.0
4064,38,49465,9921.0,595.0,14,25639,1574.0
4065,30,36038,3779.0,660.0,21,633,1000.0
4066,38,91012,18962.0,696.0,12,24014,1799.0
4067,25,48174,13011.0,,20,14770,1828.0
4068,63,105750,18177.0,762.0,20,38516,2389.0
4069,57,109428,38447.0,658.0,17,18126,4964.0
4070,63,53030,6807.0,761.0,24,13602,1548.0
4071,24,34936,6899.0,644.0,16,10157,1038.0
4072,40,21513,2581.0,753.0,20,8866,1000.0
4073,61,28358,5942.0,725.0,26,13162,1259.0
4074,49,29639,2747.0,630.0,24,13121,1000.0
4075,28,102273,17102.0,697.0,24,20961,3114.0
4076,39,57943,12066.0,677.0,10,34747,1489.0
4077,39,65540,15272.0,714.0,22,33373,1727.0
4078,60,20250,5143.0,668.0,12,3159,1000.0
4079,42,32080,5389.0,663.0,9,3755,1109.0
4080,39,81984,20281.0,755.0,17,15447,1446.0
4081,45,62576,15199.0,675.0,12,16984,1824.0
4082,46,51475,9326.0,725.0,24,26277,2000.0
4083,30,70917,24513.0,668.0,24,33119,1934.0
4084,35,114829,29236.0,772.0,5,58649,2070.0
4085,19,49792,9278.0,643.0,12,8125,1142.0
4086,46,56744,21741.0,646.0,8,20205,1111.0
4087,38,59979,21019.0,764.0,15,10193,1001.0
4088,32,161383,63654.0,656.0,21,10557,4048.0
4089,69,21384,6448.0,768.0,16,8779,1000.0
4090,44,74797,15037.0,729.0,14,6417,1116.0
4091,67,52231,8873.0,671.0,27,20925,1704.0
4092,48,70979,20744.0,580.0,3,27595,3237.0
4093,32,40916,16115.0,679.0,27,19891,1826.0
4094,68,53801,15094.0,686.0,14,4505,2160.0
4095,40,75752,27431.0,744.0,17,35610,1619.0
4096,41,200000,37063.0,767.0,14,100000,2649.0
4097,61,79119,16633.0,642.0,29,40400,3187.0
4098,30,37551,13894.0,724.0,9,16939,1000.0
4099,39,45451,14644.0,722.0,18,18058,1000.0
4100,60,44849,17673.0,739.0,22,11350,1375.0
4101,54,24515,8039.0,707.0,7,10745,1000.0
4102,50,47408,10597.0,580.0,12,20599,1910.0
4103,20,76486,19117.0,671.0,17,28980,2937.0
4104,36,30998,11412.0,616.0,12,14810,1168.0
4105,40,88160,22615.0,669.0,12,23738,3500.0
4106,46,68500,11078.0,734.0,16,4983,1358.0
4107,47,39525,8672.0,697.0,23,13258,1454.0
4108,56,51606,12655.0,743.0,16,8207,1256.0
4109,61,112909,12527.0,699.0,26,26044,3921.0
4110,64,76511,24331.0,609.0,11,799,1268.0
4111,42,55218,6350.0,580.0,9,12682,1989.0
4112,54,49421,10357.0,688.0,31,23983,2219.0
4113,64,56929,19212.0,668.0,13,18538,1000.0
4114,25,43687,10032.0,626.0,9,257,1000.0
4115,59,21332,7454.0,,6,6014,1000.0
4116,33,137870,26113.0,640.0,26,24109,3702.0
4117,25,58982,22793.0,669.0,16,16900,1309.0
4118,18,65792,9673.0,717.0,16,15975,2592.0
4119,61,53585,4943.0,690.0,17,29964,1516.0
4120,22,39509,,768.0,25,976,1132.0
4121,20,50586,16223.0,623.0,17,20748,1841.0
4122,18,26779,4130.0,728.0,34,13674,1000.0
4123,21,153243,60549.0,683.0,19,88198,3720.0
4124,57,31557,7597.0,718.0,25,3363,1191.0
4125,52,34569,13286.0,656.0,24,11020,1331.0
4126,49,45115,10900.0,,18,1180,1000.0
4127,59,98196,22683.0,696.0,14,29411,1698.0
4128,51,55360,12385.0,643.0,20,4167,1085.0
4129,60,31534,5902.0,679.0,22,15853,1000.0
4130,42,96717,24255.0,667.0,14,6608,
4131,27,76423,17181.0,707.0,19,23536,2658.0
4132,38,70079,6430.0,615.0,27,21911,2810.0
4133,63,75900,12397.0,678.0,32,44249,1435.0
4134,56,161547,23941.0,702.0,24,63486,5051.0
4135,44,147028,52574.0,682.0,31,25392,3640.0
4136,44,40379,10968.0,754.0,14,5834,1185.0
4137,19,114215,37049.0,723.0,23,8789,3791.0
4138,58,65350,25237.0,680.0,27,29663,2763.0
4139,65,68850,19697.0,692.0,12,28535,1302.0
4140,30,25683,10130.0,696.0,15,9398,1000.0
4141,26,50941,9157.0,702.0,30,1248,1702.0
4142,69,38151,5326.0,580.0,11,17462,1000.0
4143,53,79835,16690.0,663.0,9,30747,1431.0
4144,39,89061,20542.0,598.0,29,51507,1461.0
4145,59,21624,7926.0,750.0,26,7619,1000.0
4146,43,54457,,677.0,21,9931,1226.0
4147,29,91119,15809.0,669.0,18,20858,4168.0
4148,34,50568,16063.0,729.0,15,5335,1316.0
4149,31,76356,18468.0,703.0,20,33119,1495.0
4150,31,64416,8495.0,618.0,29,27353,2155.0
4151,51,64141,16971.0,676.0,20,7722,1324.0
4152,70,48679,18091.0,662.0,33,4629,1410.0
4153,37,31813,11123.0,584.0,12,1470,1000.0
4154,28,33203,8891.0,642.0,18,18168,1000.0
4155,33,75682,15187.0,670.0,15,10584,2954.0
4156,68,55484,5983.0,674.0,10,11457,1094.0
4157,48,51676,11900.0,598.0,17,8697,2204.0
4158,23,45449,14574.0,743.0,21,11279,1767.0
4159,36,47942,9362.0,674.0,22,20540,1132.0
4160,54,88097,13685.0,682.0,33,46018,1632.0
4161,21,47298,17881.0,702.0,21,5182,1032.0
4162,64,30080,10314.0,637.0,26,12388,1000.0
4163,21,76859,21847.0,705.0,18,16259,2388.0
4164,37,50156,6208.0,660.0,30,29508,1000.0
4165,27,55783,7049.0,631.0,35,10005,2397.0
4166,41,113380,12815.0,712.0,22,489,1790.0
4167,52,54493,15106.0,762.0,11,16859,1188.0
4168,43,62644,7328.0,720.0,14,5665,1011.0
4169,54,32357,11313.0,731.0,20,864,1000.0
4170,55,49823,19817.0,651.0,21,20874,2014.0
4171,38,72358,14271.0,592.0,23,31791,2388.0
4172,57,27314,6150.0,762.0,21,7550,1000.0
4173,56,60202,18526.0,793.0,18,24450,2502.0
4174,38,57552,21863.0,765.0,14,18586,2255.0
4175,27,56031,20514.0,662.0,21,21173,2108.0
4176,55,87712,8633.0,616.0,31,31403,3575.0
4177,63,63933,8574.0,621.0,25,25541,2120.0
4178,21,106961,34385.0,587.0,22,12812,3125.0
4179,62,35171,10567.0,674.0,25,5670,1000.0
4180,37,58469,7170.0,768.0,15,15435,1167.0
4181,34,57131,13749.0,672.0,14,15293,1776.0
4182,24,33993,11213.0,697.0,13,15795,1433.0
4183,21,84577,12687.0,756.0,17,18644,2732.0
4184,46,156560,56176.0,658.0,15,15265,6756.0
4185,31,54581,,792.0,26,8235,1332.0
4186,20,69034,22802.0,790.0,15,8894,2463.0
4187,41,57132,15829.0,673.0,12,25081,1949.0
4188,54,39894,7215.0,648.0,32,11258,1390.0
4189,33,24240,7531.0,718.0,15,10306,1000.0
4190,69,40034,13226.0,661.0,19,9998,1000.0
4191,21,29399,11138.0,616.0,21,15694,1000.0
4192,41,118413,23409.0,750.0,10,69877,5343.0
4193,51,52224,15642.0,747.0,27,20989,1000.0
4194,47,47072,12843.0,689.0,22,24397,1322.0
4195,35,82060,20356.0,611.0,29,25009,2188.0
4196,36,33200,12116.0,612.0,13,18618,1000.0
4197,48,38949,3155.0,686.0,19,19434,1502.0
4198,36,56711,9657.0,653.0,18,33747,2118.0
4199,66,87381,22042.0,661.0,20,32668,3729.0
4200,63,68930,9447.0,736.0,8,32226,1770.0
4201,36,61503,22788.0,720.0,19,20033,1925.0
4202,39,56968,16363.0,756.0,8,8857,2407.0
4203,41,65854,15339.0,626.0,21,14017,3005.0
4204,62,60224,20519.0,661.0,3,32304,2699.0
4205,29,34600,7760.0,722.0,5,1161,1260.0
4206,47,56152,,705.0,24,19928,1000.0
4207,55,33926,2744.0,764.0,14,7582,1000.0
4208,70,57044,11239.0,703.0,11,13235,2282.0
4209,48,44303,5512.0,782.0,27,23513,1796.0
4210,53,172441,51853.0,710.0,20,88340,6446.0
4211,36,54021,12602.0,738.0,24,19410,1179.0
4212,65,29237,5162.0,662.0,17,4788,1000.0
4213,62,51777,11894.0,681.0,37,14771,1193.0
4214,53,69480,10219.0,730.0,14,17021,1912.0
4215,47,116786,,769.0,30,24779,2949.0
4216,66,42186,4103.0,720.0,18,2602,1812.0
4217,50,26984,9631.0,675.0,6,8793,1000.0
4218,35,79433,19353.0,756.0,21,14385,2522.0
4219,69,29549,8216.0,580.0,20,11716,1000.0
4220,66,45198,7993.0,602.0,11,8656,1564.0
4221,45,48980,19070.0,717.0,12,12671,1534.0
4222,64,53303,9072.0,681.0,18,1675,2308.0
4223,28,74998,20133.0,713.0,20,44663,1191.0
4224,62,40435,16089.0,684.0,3,12315,1000.0
4225,50,48626,17600.0,711.0,25,707,1850.0
4226,34,54648,13751.0,635.0,15,17746,1355.0
4227,23,58830,23351.0,711.0,9,30722,1060.0
4228,21,57475,17498.0,735.0,25,26641,1683.0
4229,37,66923,9823.0,747.0,18,28144,2291.0
4230,65,80404,16868.0,791.0,27,6728,1125.0
4231,64,65629,12275.0,693.0,21,25900,1458.0
4232,44,67454,12822.0,695.0,18,31014,2663.0
4233,32,26986,8726.0,596.0,17,9268,1000.0
4234,23,56257,15019.0,651.0,21,30134,1000.0
4235,64,68246,6292.0,669.0,15,11342,1494.0
4236,31,76352,27547.0,738.0,12,11093,2581.0
4237,28,40277,7047.0,646.0,22,21014,1000.0
4238,56,40885,16316.0,724.0,17,15342,1639.0
4239,26,42478,16369.0,680.0,18,37,1489.0
4240,43,70016,26674.0,670.0,26,14835,1975.0
4241,33,87582,29739.0,694.0,17,45080,3768.0
4242,22,45786,6895.0,658.0,18,751,1170.0
4243,69,82758,20726.0,656.0,14,161,1683.0
4244,27,58143,8825.0,586.0,21,9812,2009.0
4245,67,52008,8482.0,666.0,20,28521,1644.0
4246,20,50009,13778.0,654.0,24,27049,1184.0
4247,30,76962,7163.0,652.0,14,23955,1844.0
4248,60,63678,24849.0,703.0,15,21137,1641.0
4249,66,153156,57277.0,716.0,24,30509,3401.0
4250,47,37481,7565.0,693.0,20,5481,1356.0
4251,62,69441,17009.0,735.0,12,33966,2376.0
4252,23,43345,9933.0,712.0,27,2764,1179.0
4253,34,37194,13476.0,664.0,6,10876,1000.0
4254,62,54732,16439.0,655.0,23,20833,1350.0
4255,68,58507,9887.0,697.0,9,3640,
4256,70,200000,44598.0,712.0,31,62353,3071.0
4257,36,50626,10999.0,757.0,7,17543,1085.0
4258,59,33074,12799.0,746.0,26,14734,1000.0
4259,52,62190,8464.0,650.0,17,8763,1913.0
4260,63,21623,2350.0,674.0,15,3806,1000.0
4261,43,52771,19092.0,717.0,19,18033,1356.0
4262,68,55398,20328.0,739.0,22,32678,2437.0
4263,22,78642,28229.0,732.0,12,10262,3152.0
4264,46,85239,20757.0,676.0,12,50422,3864.0
4265,54,43848,12765.0,611.0,23,18793,1829.0
4266,37,51396,13377.0,625.0,6,25474,1699.0
4267,66,38962,3983.0,695.0,14,2096,1264.0
4268,38,33106,8961.0,699.0,39,5967,1000.0
4269,27,63230,5334.0,620.0,11,2190,2313.0
4270,22,31007,5705.0,682.0,26,6912,1008.0
4271,53,45638,17266.0,715.0,14,26870,1342.0
4272,23,35146,6231.0,617.0,22,2220,
4273,43,70435,26818.0,741.0,23,23766,1923.0
4274,21,123715,19800.0,659.0,26,451,3707.0
4275,56,30619,5532.0,749.0,17,13093,1000.0
4276,56,23890,6715.0,651.0,32,2827,1000.0
4277,67,51994,16832.0,624.0,14,4043,2169.0
4278,52,55390,13318.0,655.0,20,11200,2245.0
4279,18,60687,21986.0,675.0,20,28075,2349.0
4280,41,44992,4179.0,659.0,10,2878,1000.0
4281,53,50252,18850.0,668.0,16,6930,2156.0
4282,23,64891,9268.0,,19,330,1406.0
4283,58,87841,31882.0,671.0,15,51040,3698.0
4284,63,22818,4752.0,676.0,35,8107,1000.0
4285,61,46586,16141.0,586.0,12,20122,1265.0
4286,48,60555,17860.0,702.0,26,23667,2270.0
4287,37,36388,4960.0,675.0,24,3152,1231.0
4288,41,119864,44802.0,769.0,18,42787,3160.0
4289,42,41322,6552.0,628.0,12,3258,1451.0
4290,53,53987,8537.0,581.0,13,12997,1663.0
4291,38,70636,24054.0,714.0,14,24114,1532.0
4292,47,42151,4800.0,699.0,5,14134,1435.0
4293,41,23960,3619.0,625.0,11,1712,1000.0
4294,61,45351,10938.0,596.0,8,937,1616.0
4295,59,87408,30222.0,765.0,27,41863,1102.0
4296,47,47263,6012.0,758.0,22,20586,1455.0
4297,39,37579,9592.0,580.0,24,1845,1000.0
4298,45,83420,25660.0,655.0,22,6377,1886.0
4299,24,47393,16843.0,772.0,19,25381,1407.0
4300,52,43718,16586.0,654.0,28,20175,1487.0
4301,45,58826,19476.0,653.0,14,35160,2628.0
4302,31,77802,22477.0,664.0,19,11856,3133.0
4303,27,160630,35139.0,618.0,23,47013,5848.0
4304,33,79805,9247.0,586.0,9,11322,2272.0
4305,33,92690,28467.0,738.0,40,34636,2370.0
4306,48,43801,17419.0,580.0,18,3033,1000.0
4307,59,34664,10946.0,694.0,19,2646,1000.0
4308,42,56565,4828.0,729.0,27,2440,2307.0
4309,30,57717,13783.0,,24,24019,1460.0
4310,23,33852,,629.0,18,10035,1000.0
4311,61,50828,15284.0,747.0,19,18839,1096.0
4312,26,65827,20427.0,709.0,7,34729,1424.0
4313,62,64684,16727.0,646.0,14,28732,1000.0
4314,53,69011,,746.0,22,19118,2275.0
4315,60,62694,23918.0,746.0,21,37028,1720.0
4316,37,43780,13262.0,695.0,27,11985,1432.0
4317,35,43645,6799.0,630.0,17,2945,1341.0
4318,60,32066,5873.0,657.0,8,19098,1255.0
4319,38,122791,46049.0,696.0,25,1681,4609.0
4320,21,55334,20141.0,670.0,28,18256,2115.0
4321,67,49707,10421.0,732.0,24,9219,1449.0
4322,50,36212,3341.0,596.0,17,10941,1000.0
4323,44,200000,19104.0,598.0,25,67046,8723.0
4324,24,33931,5797.0,690.0,42,4888,1000.0
4325,23,45347,,653.0,19,15151,1000.0
4326,32,66318,17703.0,646.0,9,30084,1757.0
4327,35,72055,20379.0,583.0,14,11522,2375.0
4328,49,84640,26199.0,681.0,22,19472,1081.0
4329,28,124059,10680.0,677.0,7,19967,4525.0
4330,37,69069,7848.0,716.0,19,34005,2150.0
4331,41,34196,6669.0,684.0,21,14875,1000.0
4332,32,48994,6347.0,673.0,29,25610,1304.0
4333,65,63172,6576.0,745.0,27,6445,1884.0
4334,24,139496,39772.0,608.0,24,6158,2496.0
4335,38,29321,9996.0,710.0,3,2100,1000.0
4336,59,94490,30316.0,588.0,24,9129,2093.0
4337,43,59638,20364.0,634.0,23,19075,2156.0
4338,61,80187,23501.0,613.0,20,46713,2575.0
4339,31,52533,16564.0,723.0,6,11260,1497.0
4340,54,37646,6286.0,676.0,13,21650,1188.0
4341,38,77109,30671.0,679.0,10,1767,2401.0
4342,35,73835,10234.0,,4,41061,1679.0
4343,22,85179,12661.0,664.0,18,9258,1341.0
4344,20,54672,9428.0,638.0,12,29932,2318.0
4345,40,41989,16464.0,701.0,36,1417,1365.0
4346,43,27273,10807.0,625.0,17,15516,1000.0
4347,54,79523,26590.0,753.0,27,9581,2224.0
4348,41,66559,18723.0,588.0,7,12089,2510.0
4349,66,35614,8776.0,636.0,14,10491,1139.0
4350,36,43163,16859.0,772.0,19,9860,1000.0
4351,68,44580,13490.0,656.0,12,17855,1880.0
4352,42,28219,10789.0,608.0,15,16505,1000.0
4353,38,38068,6902.0,692.0,16,13851,1000.0
4354,29,33020,,654.0,16,14294,1000.0
4355,58,45683,16149.0,634.0,31,2412,1668.0
4356,50,39445,5047.0,620.0,21,14858,1419.0
4357,67,26448,10122.0,820.0,21,7202,1000.0
4358,70,136660,33125.0,666.0,22,72631,5880.0
4359,21,96638,36380.0,580.0,22,22510,2332.0
4360,59,38736,7274.0,762.0,17,15792,1209.0
4361,24,62173,19218.0,714.0,16,8511,2061.0
4362,39,66367,15564.0,638.0,19,10328,2996.0
4363,50,94003,26375.0,629.0,26,21214,2154.0
4364,34,38052,9186.0,717.0,26,6942,1689.0
4365,41,89907,35017.0,666.0,16,13695,1570.0
4366,51,42982,12958.0,580.0,23,1281,1632.0
4367,45,30150,4837.0,778.0,17,15137,1013.0
4368,60,76187,28273.0,656.0,18,2939,3027.0
4369,58,98315,17116.0,762.0,15,52345,1323.0
4370,56,176248,35058.0,750.0,17,13268,2662.0
4371,39,32055,3612.0,625.0,27,1255,1000.0
4372,66,75328,27720.0,737.0,19,25446,2430.0
4373,34,45738,7847.0,644.0,19,13788,1491.0
4374,51,78245,12742.0,580.0,8,23062,3341.0
4375,23,28378,10627.0,657.0,16,9782,1000.0
4376,63,31158,10524.0,702.0,16,5366,1000.0
4377,23,38791,4855.0,655.0,12,15430,1000.0
4378,51,56989,18589.0,663.0,18,17179,1000.0
4379,18,41217,15340.0,743.0,15,8278,1582.0
4380,27,73988,7778.0,686.0,19,36691,2936.0
4381,38,87307,30040.0,634.0,19,38121,3996.0
4382,22,72034,18381.0,719.0,11,17012,1890.0
4383,19,113953,33518.0,691.0,15,57953,1498.0
4384,39,66318,15765.0,580.0,19,36618,1348.0
4385,65,31808,9647.0,704.0,26,10246,1021.0
4386,19,101581,9235.0,702.0,20,13101,4527.0
4387,27,41889,13575.0,681.0,13,23017,1000.0
4388,51,82849,7512.0,729.0,21,9419,1371.0
4389,33,111666,25203.0,643.0,30,3244,4008.0
4390,65,67548,8667.0,699.0,24,13273,2347.0
4391,68,28052,9637.0,594.0,22,12236,1000.0
4392,56,36384,6563.0,702.0,23,20155,1441.0
4393,39,99740,22472.0,787.0,28,38138,1675.0
4394,29,50970,11071.0,625.0,26,29109,2210.0
4395,41,57005,18652.0,638.0,22,3159,
4396,64,77386,18106.0,641.0,25,2821,1177.0
4397,57,75240,25015.0,687.0,10,27276,1792.0
4398,55,62352,6455.0,622.0,7,36144,1170.0
4399,27,50071,7076.0,703.0,19,15103,1505.0
4400,52,47781,12255.0,727.0,18,1477,1691.0
4401,68,80914,30996.0,709.0,14,10740,2336.0
4402,66,70558,7333.0,583.0,24,10363,2436.0
4403,49,48987,4594.0,735.0,5,9930,1208.0
4404,24,89504,11644.0,732.0,14,2342,1202.0
4405,38,51897,14799.0,726.0,15,28177,2334.0
4406,37,37490,7786.0,,7,11597,1493.0
4407,43,39087,13453.0,692.0,28,15735,1000.0
4408,21,35407,3648.0,737.0,8,1427,1000.0
4409,63,48655,6950.0,786.0,14,1580,
4410,69,95824,16866.0,628.0,24,33719,1807.0
4411,39,38284,10741.0,739.0,23,20382,1216.0
4412,32,59868,17916.0,675.0,10,18983,1813.0
4413,57,40928,4901.0,673.0,23,21556,1000.0
4414,38,48920,18688.0,595.0,20,23804,1000.0
4415,32,27877,5272.0,664.0,34,1269,1054.0
4416,39,49804,15350.0,625.0,21,6035,1158.0
4417,69,50409,12489.0,654.0,17,19893,1040.0
4418,45,70138,10611.0,620.0,12,18664,2602.0
4419,31,60813,21333.0,655.0,13,10607,2252.0
4420,44,32074,10964.0,658.0,12,8056,1000.0
4421,58,89588,18522.0,685.0,28,23931,3726.0
4422,57,60459,16224.0,591.0,18,33031,2143.0
4423,45,60136,9772.0,600.0,22,3733,1445.0
4424,43,54773,16473.0,700.0,29,9193,1465.0
4425,66,43569,7794.0,636.0,3,14053,1600.0
4426,19,60664,21239.0,739.0,27,25417,1186.0
4427,42,68125,10189.0,692.0,18,25777,1916.0
4428,20,25059,2123.0,713.0,21,14158,1000.0
4429,25,43159,7161.0,758.0,12,20603,1316.0
4430,61,49039,6921.0,663.0,13,16391,1607.0
4431,50,61720,14976.0,,21,7950,1895.0
4432,59,94097,13661.0,728.0,35,25456,1801.0
4433,69,38863,12600.0,708.0,25,16168,1017.0
4434,52,43959,6912.0,670.0,27,22102,1329.0
4435,23,43671,13373.0,757.0,17,25148,1681.0
4436,56,38346,10166.0,668.0,14,13930,1315.0
4437,69,47045,18611.0,682.0,13,14873,1257.0
4438,40,77804,31119.0,681.0,15,826,3500.0
4439,42,34230,12263.0,629.0,4,1481,1000.0
4440,67,66676,21549.0,684.0,13,6245,1293.0
4441,60,25571,5208.0,757.0,14,840,1000.0
4442,36,42723,13716.0,704.0,17,10276,1000.0
4443,22,47421,18311.0,682.0,19,9585,1581.0
4444,68,116865,10223.0,671.0,21,44691,1615.0
4445,28,48602,12254.0,698.0,18,15621,1000.0
4446,29,20425,3059.0,721.0,14,7304,1000.0
4447,27,22373,5784.0,714.0,4,6336,1000.0
4448,25,55849,12804.0,662.0,14,9307,2329.0
4449,41,72496,19157.0,698.0,11,41446,2836.0
4450,45,65124,16692.0,706.0,21,3376,1209.0
4451,58,59308,22966.0,625.0,24,33410,1859.0
4452,53,92791,23819.0,689.0,25,17328,1253.0
4453,54,43143,15134.0,580.0,23,13271,1000.0
4454,38,82273,15002.0,707.0,17,5373,3239.0
4455,25,26388,5810.0,716.0,14,1123,1000.0
4456,26,36602,8438.0,721.0,13,9433,1000.0
4457,64,24390,4127.0,658.0,7,10854,1000.0
4458,32,48601,9795.0,697.0,25,7855,1000.0
4459,65,53867,14626.0,758.0,17,18175,1379.0
4460,63,57898,15381.0,758.0,9,9680,1665.0
4461,57,56553,16042.0,678.0,12,13186,1366.0
4462,35,36232,6978.0,688.0,12,19705,1585.0
4463,59,50487,9141.0,741.0,18,25925,1578.0
4464,37,28036,7730.0,597.0,25,8680,1138.0
4465,23,101574,12444.0,662.0,16,14511,3845.0
4466,29,47976,7723.0,753.0,3,5561,1657.0
4467,19,44139,4126.0,734.0,17,25267,1283.0
4468,24,112433,11607.0,700.0,17,13675,1414.0
4469,33,31448,4965.0,597.0,16,15249,1036.0
4470,20,33143,2859.0,677.0,14,7337,1000.0
4471,62,33583,5324.0,648.0,20,19861,1000.0
4472,20,53346,15449.0,698.0,18,11784,1457.0
4473,44,66791,6649.0,635.0,18,14087,2472.0
4474,67,76722,16860.0,624.0,21,29344,3418.0
4475,60,174990,65130.0,580.0,15,100000,4370.0
4476,57,20000,6664.0,747.0,15,11715,1000.0
4477,55,72332,12856.0,658.0,28,30692,2957.0
4478,50,42804,16092.0,689.0,22,19380,1012.0
4479,45,42243,7836.0,680.0,24,14280,1000.0
4480,18,41614,4295.0,621.0,27,18871,1000.0
4481,25,36539,14546.0,611.0,22,18849,1552.0
4482,54,117374,42068.0,625.0,24,34233,2091.0
4483,49,80348,18408.0,640.0,7,29883,1886.0
4484,65,55577,16297.0,700.0,19,17917,1555.0
4485,60,101017,29779.0,636.0,17,34091,4115.0
4486,54,27846,3961.0,776.0,30,14871,1218.0
4487,21,30220,4352.0,736.0,24,6448,1000.0
4488,47,20640,4753.0,724.0,14,2578,1000.0
4489,23,40149,14924.0,673.0,21,10992,1000.0
4490,63,59151,4921.0,763.0,19,7385,1049.0
4491,36,57606,19033.0,668.0,21,17227,2543.0
4492,49,58823,5789.0,678.0,11,31888,1735.0
4493,26,29147,6792.0,689.0,21,10798,1000.0
4494,29,78945,22430.0,719.0,16,40519,2271.0
4495,28,61262,18364.0,715.0,20,6109,2365.0
4496,63,76494,7551.0,654.0,13,41347,3065.0
4497,33,23467,5021.0,651.0,14,8473,1000.0
4498,18,63276,16884.0,715.0,26,1206,1992.0
4499,62,32228,3259.0,719.0,11,12242,1334.0
4500,70,45995,5668.0,658.0,11,26256,1357.0
4501,38,69951,20451.0,593.0,18,3323,2290.0
4502,47,57301,14149.0,669.0,13,20025,2165.0
4503,30,37492,4941.0,714.0,12,20594,1000.0
4504,51,55155,13859.0,779.0,19,321,1000.0
4505,21,27609,10272.0,614.0,7,10451,1000.0
4506,45,92292,7844.0,657.0,11,26298,3073.0
4507,55,50147,14324.0,659.0,32,10440,1000.0
4508,48,90984,9423.0,755.0,21,34257,1587.0
4509,44,43397,3561.0,678.0,13,1372,1000.0
4510,22,43455,5571.0,630.0,21,19635,1000.0
4511,42,38996,8397.0,711.0,22,105,1454.0
4512,20,81582,27473.0,658.0,25,15024,1723.0
4513,50,39968,6801.0,613.0,17,12085,1000.0
4514,21,73509,20598.0,631.0,25,16629,2632.0
4515,42,46304,9797.0,775.0,4,8542,1880.0
4516,37,22605,3503.0,701.0,11,11269,1000.0
4517,51,42551,10406.0,686.0,19,23867,1000.0
4518,43,32354,10845.0,666.0,20,16961,1424.0
4519,22,55846,19345.0,696.0,12,17505,1415.0
4520,52,32190,11295.0,695.0,20,17077,1409.0
4521,45,83431,15713.0,696.0,14,46097,1805.0
4522,46,52791,17627.0,686.0,16,12962,1044.0
4523,26,50776,7510.0,728.0,25,8635,1000.0
4524,69,73883,23369.0,681.0,24,4356,1133.0
4525,55,84868,32545.0,626.0,11,24396,3597.0
4526,67,54505,4600.0,646.0,11,30947,2462.0
4527,23,38873,8588.0,580.0,15,13082,1723.0
4528,36,24755,7112.0,791.0,18,9915,1013.0
4529,61,40391,12302.0,727.0,13,2736,1645.0
4530,28,41662,5681.0,634.0,25,3588,1439.0
4531,19,57715,22572.0,664.0,20,16084,2311.0
4532,64,47088,13038.0,645.0,21,26876,1000.0
4533,61,74956,9938.0,765.0,9,16226,1906.0
4534,61,41741,3613.0,602.0,26,21976,1413.0
4535,26,53606,17725.0,686.0,3,3869,2233.0
4536,38,93703,9886.0,674.0,24,34690,3234.0
4537,41,64146,8027.0,725.0,25,23116,2596.0
4538,51,53534,14130.0,674.0,15,27620,1515.0
4539,39,41949,11457.0,583.0,27,83,1527.0
4540,20,41363,12401.0,666.0,18,4714,1868.0
4541,29,37508,7724.0,627.0,18,4944,1000.0
4542,45,43115,14127.0,684.0,20,24575,1871.0
4543,47,77276,30276.0,759.0,40,7126,2311.0
4544,43,49774,8300.0,584.0,27,1104,1689.0
4545,65,29962,9137.0,636.0,23,9608,1251.0
4546,38,121877,45961.0,650.0,12,38651,3188.0
4547,45,63518,19031.0,659.0,19,32167,1680.0
4548,43,29201,8701.0,,12,16625,1000.0
4549,50,45083,6835.0,670.0,24,14568,1000.0
4550,38,57814,14525.0,703.0,19,32260,1680.0
4551,52,118439,30795.0,646.0,10,51532,2630.0
4552,69,33404,10156.0,693.0,19,5302,1451.0
4553,51,85332,34046.0,723.0,12,47534,1316.0
4554,58,103245,9371.0,640.0,19,41346,2871.0
4555,68,41448,4181.0,723.0,12,10298,1827.0
4556,64,48543,5094.0,683.0,18,19813,2065.0
4557,35,34501,10963.0,738.0,23,8307,1238.0
4558,28,50188,6205.0,669.0,18,3438,1613.0
4559,40,54102,15104.0,701.0,15,23339,1183.0
4560,65,74008,13610.0,678.0,19,36593,1830.0
4561,39,89830,20332.0,675.0,23,39281,1393.0
4562,34,39279,5853.0,694.0,10,5400,1520.0
4563,22,22693,8105.0,710.0,20,13025,1000.0
4564,61,54477,14576.0,611.0,27,825,1894.0
4565,28,62767,23993.0,759.0,22,12529,1533.0
4566,47,61533,16237.0,580.0,18,9603,1722.0
4567,32,47481,5681.0,642.0,22,1371,1472.0
4568,44,58176,7835.0,675.0,21,14162,2282.0
4569,52,108775,43130.0,703.0,23,40668,2125.0
4570,50,65308,20388.0,767.0,4,34583,1684.0
4571,37,46494,4453.0,580.0,7,27609,1000.0
4572,33,43914,13403.0,652.0,25,21292,1000.0
4573,51,50953,10797.0,580.0,7,14328,1664.0
4574,19,114877,20483.0,682.0,21,49882,2160.0
4575,52,50645,6548.0,695.0,16,25635,1000.0
4576,57,54512,19012.0,767.0,11,15219,2311.0
4577,45,44269,4446.0,687.0,20,20852,1342.0
4578,64,90186,15579.0,737.0,19,26117,1532.0
4579,56,132855,23654.0,712.0,33,30809,1897.0
4580,23,67364,,656.0,14,21264,1111.0
4581,26,57087,13850.0,603.0,28,23150,1610.0
4582,37,55918,4683.0,695.0,20,24387,1945.0
4583,18,20000,3526.0,598.0,13,4281,1000.0
4584,25,76911,29131.0,751.0,24,26364,1332.0
4585,40,58423,10479.0,671.0,22,31894,1964.0
4586,20,66692,13028.0,746.0,18,39067,1734.0
4587,21,39932,9241.0,654.0,20,5445,1118.0
4588,42,46262,12016.0,695.0,14,5352,1814.0
4589,64,45713,15487.0,692.0,12,18560,1078.0
4590,55,87101,12273.0,678.0,23,21672,1516.0
4591,32,46381,16649.0,656.0,16,674,1930.0
4592,38,140405,45269.0,702.0,17,29221,2748.0
4593,52,66768,20781.0,629.0,20,32319,1489.0
4594,70,30978,3339.0,613.0,20,14822,1117.0
4595,70,51909,4512.0,748.0,8,15407,1832.0
4596,63,41021,11079.0,720.0,27,11631,1607.0
4597,69,20488,7298.0,684.0,19,7124,1000.0
4598,31,112967,30165.0,772.0,17,14871,2739.0
4599,53,75471,11187.0,665.0,21,23821,1260.0
4600,29,69915,7618.0,753.0,20,463,2135.0
4601,34,59250,18004.0,690.0,23,16906,1318.0
4602,56,29531,9183.0,624.0,22,5954,1047.0
4603,26,44243,5982.0,782.0,23,17915,1000.0
4604,52,80329,7151.0,734.0,27,30767,1164.0
4605,30,34270,7219.0,673.0,24,7831,1000.0
4606,32,20000,5329.0,720.0,17,87,1000.0
4607,35,49657,15191.0,658.0,10,7516,2095.0
4608,68,51601,17502.0,726.0,30,19609,2355.0
4609,50,58460,16098.0,580.0,16,2539,1543.0
4610,23,76338,8816.0,624.0,15,4930,1073.0
4611,44,73278,21868.0,734.0,6,28448,1663.0
4612,40,61792,24404.0,666.0,20,28020,2164.0
4613,44,94191,34831.0,691.0,19,18172,1602.0
4614,51,27766,9966.0,606.0,7,8158,1000.0
4615,63,69020,12195.0,782.0,21,39164,1000.0
4616,55,72914,23351.0,745.0,15,41366,2066.0
4617,31,31486,11094.0,669.0,37,5809,1000.0
4618,53,27967,8308.0,658.0,14,13592,1000.0
4619,70,39317,6298.0,737.0,15,14011,1030.0
4620,25,40839,15732.0,789.0,12,23903,1000.0
4621,52,77198,17313.0,732.0,27,22122,2348.0
4622,36,41712,5070.0,799.0,15,19389,1563.0
4623,47,37411,4307.0,629.0,13,17242,1000.0
4624,31,41767,11996.0,635.0,23,12466,1624.0
4625,37,90987,20023.0,615.0,8,43435,1217.0
4626,66,55324,6099.0,704.0,22,8665,1509.0
4627,42,50738,16080.0,690.0,30,3722,1628.0
4628,57,52344,17576.0,672.0,22,13353,2324.0
4629,41,98372,30705.0,725.0,22,55696,3112.0
4630,31,39260,5682.0,748.0,24,11796,1000.0
4631,43,99416,29897.0,596.0,30,37893,2958.0
4632,55,60465,5045.0,647.0,26,22644,1554.0
4633,40,51170,9090.0,725.0,21,4070,1457.0
4634,39,169481,35188.0,654.0,24,39689,3232.0
4635,65,34202,11878.0,636.0,12,14507,1000.0
4636,36,46907,9612.0,736.0,23,27356,1000.0
4637,63,31587,2641.0,609.0,11,3184,1178.0
4638,68,84432,16274.0,663.0,15,20793,2727.0
4639,20,117621,28189.0,698.0,3,6711,1778.0
4640,59,116606,44740.0,648.0,21,16958,4915.0
4641,36,95403,36361.0,723.0,13,21566,3153.0
4642,26,50320,6938.0,649.0,26,16323,1159.0
4643,45,46664,6498.0,757.0,21,6456,1000.0
4644,37,25928,3430.0,673.0,26,3540,1000.0
4645,62,137480,45706.0,717.0,10,64162,3430.0
4646,24,67923,5565.0,721.0,25,39231,2904.0
4647,31,44078,5320.0,645.0,33,8559,1000.0
4648,26,99979,25209.0,580.0,23,41271,1380.0
4649,36,35502,5653.0,700.0,24,5497,1567.0
4650,64,66043,7235.0,684.0,19,36771,2950.0
4651,69,50889,9932.0,711.0,14,20546,1000.0
4652,31,73313,12298.0,668.0,23,35308,2666.0
4653,55,53449,13018.0,656.0,7,1583,1063.0
4654,70,28629,11261.0,790.0,15,10281,1027.0
4655,53,56903,6816.0,599.0,6,18014,2359.0
4656,57,88175,17571.0,720.0,13,15501,1399.0
4657,34,54282,20531.0,648.0,22,8547,
4658,47,77955,28111.0,662.0,22,27130,1037.0
4659,26,34358,7083.0,663.0,18,14564,1000.0
4660,50,54354,16505.0,636.0,19,1082,1000.0
4661,69,41525,4489.0,711.0,5,14137,1627.0
4662,42,76975,23709.0,756.0,15,7873,1728.0
4663,31,55785,21829.0,706.0,13,4698,1614.0
4664,28,75028,18907.0,686.0,13,28051,2908.0
4665,70,89730,21492.0,626.0,22,16737,2602.0
4666,52,75081,10507.0,708.0,12,19861,2013.0
4667,58,62193,17589.0,799.0,14,13434,1000.0
4668,31,35098,9439.0,659.0,3,13653,1103.0
4669,47,54931,15854.0,659.0,16,15494,1000.0
4670,58,43269,3823.0,649.0,10,25013,1644.0
4671,21,47111,12041.0,653.0,19,9961,1000.0
4672,21,46469,12564.0,580.0,11,20640,1625.0
4673,45,35388,5181.0,702.0,19,5463,1205.0
4674,25,22795,3343.0,633.0,17,6958,1000.0
4675,19,40718,6856.0,591.0,30,13500,1000.0
4676,58,60001,18465.0,721.0,21,11848,1284.0
4677,63,29984,8216.0,620.0,5,8488,1237.0
4678,39,55390,19422.0,661.0,9,9282,1000.0
4679,58,129341,22584.0,761.0,18,466,2399.0
4680,33,87157,32410.0,602.0,11,11277,2862.0
4681,46,115230,36642.0,596.0,3,48401,4579.0
4682,66,65585,13537.0,695.0,27,30338,1603.0
4683,65,93011,10276.0,743.0,23,15637,3189.0
4684,47,39708,6442.0,593.0,22,9722,1234.0
4685,29,41156,15893.0,702.0,14,923,1000.0
4686,52,20000,3586.0,712.0,21,2845,1000.0
4687,28,93794,17405.0,580.0,13,43852,3717.0
4688,63,110000,15474.0,724.0,19,39995,5014.0
4689,67,42880,14502.0,728.0,12,5294,1000.0
4690,38,49061,8252.0,663.0,29,7578,1693.0
4691,38,39177,7274.0,749.0,7,19200,1031.0
4692,22,65335,13890.0,743.0,27,8196,1000.0
4693,65,91245,19964.0,,18,18294,3009.0
4694,37,25105,5313.0,655.0,15,10007,1000.0
4695,54,66127,15950.0,626.0,19,22263,1661.0
4696,20,48561,16542.0,678.0,23,13428,1030.0
4697,61,57879,19805.0,711.0,28,31246,1420.0
4698,50,67618,22683.0,662.0,20,8914,1956.0
4699,70,50534,5678.0,580.0,12,22480,1237.0
4700,26,52495,17633.0,750.0,18,5010,1623.0
4701,26,49953,5918.0,690.0,31,18455,1022.0
4702,21,85113,10206.0,659.0,27,44461,2866.0
4703,52,66405,25454.0,727.0,24,18244,2720.0
4704,34,60740,20786.0,764.0,24,26396,1213.0
4705,51,31044,7971.0,580.0,23,15281,1000.0
4706,41,46385,16698.0,704.0,26,3786,1583.0
4707,49,82412,32684.0,602.0,15,34901,2581.0
4708,18,55941,15406.0,707.0,9,30874,1381.0
4709,25,74004,20435.0,687.0,18,25592,2509.0
4710,62,121786,39144.0,715.0,12,13600,1637.0
4711,40,87769,13541.0,653.0,11,6685,2179.0
4712,64,57355,7656.0,580.0,13,8938,1735.0
4713,57,43702,14119.0,655.0,35,2714,1000.0
4714,29,20000,3807.0,702.0,19,6161,1000.0
4715,29,50986,6283.0,736.0,21,2132,1749.0
4716,63,47495,8585.0,616.0,9,6366,1796.0
4717,64,65562,12769.0,736.0,5,17305,1067.0
4718,32,51320,19957.0,644.0,12,14593,2336.0
4719,58,47616,14444.0,700.0,28,16153,1557.0
4720,36,24695,6171.0,652.0,20,10455,1000.0
4721,43,36030,14053.0,690.0,22,1021,1000.0
4722,69,68158,25151.0,729.0,23,3297,2154.0
4723,46,119044,29028.0,613.0,14,4347,4987.0
4724,39,52638,19466.0,643.0,28,13364,1571.0
4725,57,63742,13346.0,690.0,14,1600,2202.0
4726,38,84432,12980.0,812.0,28,37796,2062.0
4727,68,38185,5898.0,633.0,21,5109,1000.0
4728,55,64871,18939.0,792.0,5,36557,1430.0
4729,37,39414,9473.0,790.0,13,11503,1420.0
4730,46,81167,23609.0,675.0,6,21736,1986.0
4731,68,58878,17637.0,664.0,26,27574,1110.0
4732,21,62906,5482.0,642.0,18,26917,1561.0
4733,24,38674,3763.0,676.0,3,14092,1584.0
4734,45,75603,18935.0,603.0,21,42420,2806.0
4735,45,140535,,676.0,14,35605,3324.0
4736,21,34945,9869.0,762.0,8,16952,1493.0
4737,39,47202,12117.0,646.0,30,10765,1000.0
4738,29,61042,16325.0,667.0,19,30705,1000.0
4739,62,78352,13852.0,586.0,16,12198,1312.0
4740,20,42757,12175.0,701.0,15,7421,1000.0
4741,39,20000,6909.0,695.0,7,8134,1000.0
4742,61,101389,40493.0,684.0,9,12940,3502.0
4743,19,77444,26974.0,668.0,27,10648,2519.0
4744,41,25103,6487.0,664.0,15,4598,1000.0
4745,51,41843,5937.0,708.0,18,17045,1483.0
4746,44,111388,33201.0,678.0,4,59440,4203.0
4747,58,105514,40101.0,697.0,9,42706,2048.0
4748,18,83908,12401.0,692.0,22,41676,2789.0
4749,25,50809,8227.0,742.0,21,16571,1618.0
4750,40,57093,7290.0,717.0,30,2361,2510.0
4751,55,51853,16373.0,691.0,27,3126,1050.0
4752,23,91381,19199.0,764.0,16,30397,1321.0
4753,39,37085,3711.0,703.0,21,7294,1271.0
4754,42,38272,13777.0,752.0,16,5065,1423.0
4755,35,86657,22397.0,713.0,32,24243,1901.0
4756,34,53913,10025.0,580.0,26,21560,1700.0
4757,29,102273,19439.0,752.0,19,23625,1481.0
4758,23,40656,7029.0,687.0,19,19577,1809.0
4759,43,53661,12114.0,677.0,28,23778,1000.0
4760,44,36316,6822.0,695.0,22,16014,1000.0
4761,25,55183,14091.0,661.0,29,32619,1000.0
4762,36,28275,9261.0,692.0,3,5009,1000.0
4763,59,44163,13065.0,647.0,21,17084,1000.0
4764,18,28819,5021.0,750.0,14,14792,1076.0
4765,46,75158,18729.0,674.0,30,26134,3191.0
4766,62,75929,26487.0,659.0,29,35968,1608.0
4767,66,25247,2571.0,629.0,18,6278,1000.0
4768,52,100241,10531.0,695.0,29,35515,1394.0
4769,57,169215,43653.0,690.0,30,5652,4296.0
4770,31,56151,15976.0,701.0,19,33211,1250.0
4771,52,41216,6086.0,624.0,35,19784,1000.0
4772,65,196033,62431.0,592.0,18,100000,6663.0
4773,62,30380,8713.0,714.0,16,12656,1000.0
4774,37,55500,20838.0,762.0,24,6195,2286.0
4775,66,59630,7994.0,624.0,16,1110,2067.0
4776,30,100751,32285.0,767.0,19,52269,3646.0
4777,55,64665,6904.0,696.0,28,15377,2824.0
4778,66,43945,11465.0,680.0,18,6957,1930.0
4779,63,35848,9199.0,658.0,6,12081,1107.0
4780,66,47158,9634.0,604.0,21,11909,1368.0
4781,25,34960,12245.0,734.0,13,13669,1000.0
4782,60,56197,4574.0,637.0,24,16313,2043.0
4783,37,42668,10516.0,637.0,23,17850,1299.0
4784,50,28079,4198.0,735.0,28,14378,1224.0
4785,43,96752,30759.0,580.0,24,11352,1979.0
4786,56,43964,4123.0,596.0,26,8690,1004.0
4787,38,31083,10758.0,679.0,13,8147,1000.0
4788,70,50989,17754.0,696.0,24,29433,2007.0
4789,66,56718,19654.0,707.0,32,12433,1000.0
4790,59,25064,3229.0,663.0,13,5731,1000.0
4791,60,63852,17989.0,819.0,31,25035,1708.0
4792,58,34333,2904.0,667.0,14,8635,1000.0
4793,26,118783,41734.0,667.0,12,67794,3111.0
4794,41,69624,21678.0,636.0,20,37366,2062.0
4795,54,45942,11484.0,687.0,23,14152,1000.0
4796,66,39331,12342.0,714.0,24,15216,1160.0
4797,58,52462,5780.0,746.0,11,1827,2333.0
4798,34,72464,18056.0,598.0,21,30249,3270.0
4799,41,54373,9418.0,666.0,13,23072,1643.0
4800,38,49880,19515.0,705.0,8,10750,1480.0
4801,68,56464,20004.0,712.0,11,7443,1243.0
4802,56,41913,13188.0,680.0,13,23012,1917.0
4803,58,47129,17852.0,710.0,22,12066,1020.0
4804,56,21514,4109.0,636.0,26,8438,1000.0
4805,30,85243,31393.0,766.0,8,1705,1074.0
4806,28,62915,11581.0,735.0,20,15631,1519.0
4807,63,38833,12213.0,606.0,10,19042,1000.0
4808,36,129252,40799.0,621.0,22,30057,4820.0
4809,28,57196,4912.0,622.0,14,20699,1785.0
4810,30,34504,6747.0,717.0,11,4345,1089.0
4811,63,80872,6973.0,609.0,24,20211,1783.0
4812,62,65789,26254.0,662.0,14,36617,2609.0
4813,18,65687,7824.0,705.0,16,22325,1000.0
4814,57,45410,11520.0,676.0,3,24574,1073.0
4815,61,67360,22429.0,694.0,25,36456,2323.0
4816,36,48888,7060.0,621.0,24,27694,2091.0
4817,29,70634,16614.0,713.0,18,37947,1435.0
4818,25,23339,6404.0,646.0,7,46,1000.0
4819,25,45245,5939.0,662.0,26,25356,1377.0
4820,70,119379,39292.0,693.0,13,9846,4971.0
4821,62,38945,6846.0,686.0,15,933,1000.0
4822,29,41913,6183.0,681.0,34,1393,1117.0
4823,65,44959,11629.0,639.0,13,9412,1000.0
4824,50,31838,6727.0,664.0,23,11859,1000.0
4825,62,20361,7625.0,680.0,22,4915,1000.0
4826,43,49579,17929.0,604.0,21,760,2233.0
4827,56,58467,13721.0,655.0,20,16715,1150.0
4828,45,53716,10473.0,701.0,21,14250,2346.0
4829,22,51529,9490.0,610.0,20,23400,1000.0
4830,25,56076,9287.0,744.0,18,9408,2442.0
4831,42,87148,22158.0,750.0,29,11374,2991.0
4832,44,50483,17043.0,612.0,9,7752,1000.0
4833,63,42478,7622.0,755.0,25,7741,1355.0
4834,40,48464,6825.0,672.0,24,17423,1120.0
4835,47,71382,16572.0,703.0,23,20195,1804.0
4836,62,103829,10600.0,653.0,26,20988,2821.0
4837,64,41457,12620.0,731.0,17,9311,1102.0
4838,40,57504,14139.0,702.0,5,12798,1992.0
4839,66,64046,15297.0,635.0,17,37367,2441.0
4840,64,35187,6198.0,616.0,11,4919,1000.0
4841,37,55508,20510.0,600.0,13,27245,2404.0
4842,35,28440,3099.0,690.0,9,12085,1245.0
4843,35,24810,8891.0,711.0,15,83,1000.0
4844,19,64869,13009.0,716.0,14,38656,1000.0
4845,21,46274,16742.0,674.0,3,21002,1234.0
4846,47,60241,18868.0,616.0,23,24667,1939.0
4847,50,54559,6183.0,642.0,34,13268,1187.0
4848,53,35444,12267.0,743.0,22,11807,1000.0
4849,35,53891,16076.0,653.0,17,8189,1892.0
4850,54,31577,2853.0,688.0,18,672,1028.0
4851,36,102850,12628.0,621.0,15,51591,1859.0
4852,64,29879,8468.0,699.0,19,16072,1254.0
4853,45,50362,14707.0,655.0,18,4909,1771.0
4854,57,34409,10974.0,738.0,12,16249,1000.0
4855,37,71095,22073.0,723.0,30,31615,2509.0
4856,66,47379,13789.0,653.0,8,5071,1000.0
4857,50,43551,14163.0,673.0,23,11023,1224.0
4858,29,80743,21318.0,650.0,17,20481,1464.0
4859,68,55733,9110.0,602.0,31,25413,1000.0
4860,32,69396,25813.0,633.0,20,34878,1650.0
4861,58,35365,3035.0,691.0,15,2011,1000.0
4862,56,29229,5767.0,698.0,16,9873,1000.0
4863,19,57718,18079.0,688.0,18,26380,2018.0
4864,46,47649,10325.0,663.0,10,22477,1000.0
4865,58,72910,6412.0,731.0,13,6474,1000.0
4866,27,53057,5365.0,683.0,6,16729,2065.0
4867,19,60317,17345.0,719.0,12,31035,1000.0
4868,68,26491,10299.0,582.0,19,5063,1000.0
4869,28,128654,33012.0,580.0,20,32816,3729.0
4870,30,51082,12370.0,696.0,4,24653,2032.0
4871,27,75282,13691.0,602.0,17,4034,3045.0
4872,31,37754,6121.0,668.0,22,19470,1384.0
4873,35,63177,5478.0,663.0,17,11795,1310.0
4874,68,30602,5121.0,767.0,14,27,1117.0
4875,26,67408,15080.0,702.0,15,9471,1397.0
4876,56,46859,6717.0,,14,2516,1000.0
4877,45,55727,6016.0,726.0,14,3089,1713.0
4878,20,75296,23317.0,700.0,19,31301,2645.0
4879,37,31585,11569.0,655.0,34,4055,1000.0
4880,23,40419,15350.0,739.0,13,22669,1000.0
4881,44,67568,18768.0,619.0,16,20937,2611.0
4882,70,141392,13699.0,698.0,18,39033,5818.0
4883,19,51686,16388.0,595.0,13,13468,1687.0
4884,46,71761,8269.0,691.0,26,29820,1923.0
4885,55,52415,15427.0,691.0,3,14223,2132.0
4886,20,131808,43417.0,772.0,14,10170,4850.0
4887,33,25055,7824.0,594.0,24,13232,1000.0
4888,47,57392,22073.0,647.0,16,14752,1329.0
4889,57,26465,8368.0,725.0,12,1175,1000.0
4890,19,20000,6037.0,698.0,21,6352,1000.0
4891,34,62878,10297.0,690.0,24,24422,1387.0
4892,58,58563,22015.0,627.0,19,9683,1394.0
4893,29,48383,6650.0,648.0,12,23234,1436.0
4894,52,52434,19378.0,748.0,21,21071,1000.0
4895,60,200000,36010.0,677.0,15,78041,7875.0
4896,18,48967,5957.0,701.0,23,12364,1000.0
4897,62,69192,23839.0,674.0,28,39934,1974.0
4898,32,41063,3318.0,615.0,3,6755,1534.0
4899,43,62815,21751.0,731.0,19,21773,1801.0
4900,54,49409,8100.0,708.0,6,9162,1212.0
4901,38,45723,16603.0,807.0,35,20433,1295.0
4902,66,124691,37566.0,624.0,15,3576,5086.0
4903,48,93416,27388.0,725.0,23,2572,4252.0
4904,42,58491,11517.0,608.0,18,28457,1962.0
4905,40,20000,1980.0,689.0,12,5211,
4906,41,46753,16159.0,734.0,12,9571,1000.0
4907,55,185619,25001.0,580.0,29,67661,7767.0
4908,45,49577,9872.0,669.0,25,20879,2196.0
4909,38,90358,24588.0,649.0,32,10908,2862.0
4910,60,105236,24659.0,641.0,18,11708,3960.0
4911,35,60695,8714.0,701.0,20,34893,1796.0
4912,53,37657,4707.0,742.0,16,13323,1000.0
4913,52,20000,2389.0,673.0,16,4681,1000.0
4914,62,74829,26651.0,691.0,11,35983,2424.0
4915,26,38118,3434.0,686.0,19,12011,1213.0
4916,70,59537,23377.0,680.0,12,8633,2052.0
4917,55,31341,4498.0,620.0,21,3888,1286.0
4918,47,48812,5628.0,741.0,19,11623,1801.0
4919,61,55841,14777.0,696.0,20,28810,1091.0
4920,51,62066,6554.0,702.0,30,2288,1742.0
4921,49,33304,9085.0,636.0,18,4367,1505.0
4922,20,94249,33195.0,655.0,23,50507,2920.0
4923,20,42045,4008.0,670.0,32,3071,1841.0
4924,45,25889,8698.0,596.0,27,9780,1026.0
4925,61,52367,10800.0,587.0,26,6709,1817.0
4926,32,55857,7319.0,647.0,16,20305,1349.0
4927,58,59122,8061.0,709.0,20,13590,1339.0
4928,40,101524,37970.0,644.0,9,6194,3446.0
4929,57,49448,5706.0,624.0,21,17281,1331.0
4930,28,52118,18625.0,635.0,20,21359,2039.0
4931,65,33478,8509.0,655.0,18,13665,1267.0
4932,49,79566,7360.0,661.0,25,30412,1822.0
4933,53,59756,13662.0,799.0,10,17935,2147.0
4934,50,45528,15552.0,738.0,29,14190,1320.0
4935,41,23341,7291.0,736.0,24,8902,1000.0
4936,56,105353,24907.0,744.0,18,43633,2767.0
4937,51,31654,11244.0,625.0,17,12438,1340.0
4938,45,42151,4996.0,613.0,21,14844,1032.0
4939,54,64624,23987.0,619.0,29,6043,1427.0
4940,24,32101,11263.0,753.0,19,4057,1000.0
4941,21,28086,8613.0,650.0,19,4385,1000.0
4942,54,21148,7227.0,611.0,18,11669,1000.0
4943,18,76080,19326.0,656.0,30,34665,1325.0
4944,18,43034,12740.0,667.0,15,14275,1711.0
4945,64,200000,51878.0,695.0,18,30247,4004.0
4946,37,35159,6812.0,694.0,28,2339,1140.0
4947,36,36331,9520.0,634.0,19,19592,1000.0
4948,46,42645,6925.0,718.0,26,22841,
4949,27,61359,13554.0,645.0,12,4075,1697.0
4950,35,44511,7560.0,671.0,17,21291,1776.0
4951,45,72449,8645.0,718.0,28,19415,2762.0
4952,52,35409,6480.0,645.0,13,6883,1285.0
4953,60,29536,10415.0,649.0,17,13098,1184.0
4954,64,24487,4945.0,713.0,20,9026,1000.0
4955,48,20221,6458.0,633.0,11,9464,1000.0
4956,44,43563,5927.0,659.0,15,1943,1000.0
4957,28,48033,10366.0,711.0,19,9182,1859.0
4958,66,41396,4833.0,793.0,18,7931,1838.0
4959,66,96242,11969.0,713.0,27,19042,4095.0
4960,55,95578,26531.0,706.0,29,28816,1561.0
4961,22,47308,12981.0,709.0,12,8033,1174.0
4962,25,24534,3638.0,621.0,19,6542,1000.0
4963,51,42620,9880.0,686.0,23,9405,1000.0
4964,65,41989,14959.0,678.0,29,18525,1000.0
4965,69,40920,5555.0,698.0,23,14817,1036.0
4966,29,40180,3461.0,686.0,20,15758,1831.0
4967,55,40988,11831.0,701.0,23,5179,1290.0
4968,18,46219,4489.0,663.0,23,9027,1536.0
4969,48,41320,16263.0,683.0,12,525,1165.0
4970,21,60405,16616.0,612.0,19,3928,2089.0
4971,66,64683,14911.0,662.0,28,10287,2871.0
4972,62,36508,7944.0,756.0,17,1434,1173.0
4973,67,97447,25666.0,698.0,19,35235,1429.0
4974,22,35386,3857.0,679.0,16,21192,1024.0
4975,47,26558,10028.0,784.0,3,1606,1211.0
4976,41,65280,18292.0,605.0,18,32166,1659.0
4977,20,38073,5287.0,619.0,20,2714,1230.0
4978,28,63556,16526.0,774.0,14,25546,
4979,62,20000,2453.0,683.0,10,7718,1000.0
4980,21,102919,8812.0,667.0,12,55744,4287.0
4981,43,74430,20972.0,614.0,23,5089,1676.0
4982,44,27998,8050.0,705.0,32,5299,1000.0
4983,63,28272,7542.0,710.0,28,1540,1000.0
4984,60,116729,16192.0,620.0,9,28532,5220.0
4985,44,39469,10779.0,672.0,24,21588,1000.0
4986,59,37786,3706.0,662.0,13,17718,1504.0
4987,68,20000,5499.0,694.0,14,8675,1000.0
4988,67,46969,12084.0,618.0,15,15021,1917.0
4989,23,49643,14381.0,749.0,23,26315,2262.0
4990,32,75892,27818.0,730.0,25,20465,1831.0
4991,70,29305,10319.0,660.0,17,2632,1000.0
4992,47,27749,10928.0,668.0,17,13945,1000.0
4993,59,67374,26437.0,672.0,21,11304,2546.0
4994,54,86519,28304.0,637.0,22,2784,1499.0
4995,54,27121,10470.0,656.0,26,2051,1000.0
4996,59,89480,31992.0,665.0,9,32699,1728.0
4997,54,55937,17499.0,769.0,18,20375,1362.0
4998,52,89895,9360.0,732.0,11,14033,1347.0
4999,40,53289,5100.0,731.0,18,23250,2188.0
5000,23,20000,6961.0,700.0,16,9284,1000.0
